Claims_id,policy_id,claim_date,claim_amount,claim_type,status
1,P0160,2022-02-21,4506.71,Death,Rejected
2,P0643,2023-01-17,4584.25,Fire,Approved
3,P428,2023-11-05,4058.60,Accident,Rejected
4,P0397,2023-04-18,4913.62,Death,Approved
5,P0734,2023-09-22,6507.22,Fire,Rejected
6,P479,2023-01-19,2909.92,Accident,Approved
7,P489,2023-07-25,5098.74,Death,Rejected
8,P0397,2022-08-08,7331.65,Fire,Approved
9,P0086,2023-12-07,9866.24,Accident,Rejected
10,P027,2022-05-11,8344.77,Death,Approved
11,P549,2022-07-11,7192.99,Fire,Rejected
12,P0375,2022-05-22,1130.06,Accident,Approved
13,P498,2022-10-27,6194.06,Death,Rejected
14,P658,2023-02-06,8013.44,Fire,Approved
15,P0206,2023-10-20,7835.89,Accident,Rejected
16,P094,2022-05-28,7507.84,Death,Approved
17,P009,2023-09-30,4058.41,Fire,Rejected
18,P0366,2022-10-05,6960.94,Accident,Approved
19,P0508,2023-09-23,8298.42,Death,Rejected
20,P469,2023-10-02,9928.23,Fire,Approved
21,P0449,2023-05-22,5200.87,Accident,Rejected
22,P0799,2023-09-22,6007.19,Death,Approved
23,P195,2022-08-05,9151.67,Fire,Rejected
24,P643,2022-12-10,4939.58,Accident,Approved
25,P775,2023-02-28,6071.52,Death,Rejected
26,P0345,2023-05-26,3353.03,Fire,Approved
27,P211,2022-07-14,7311.02,Accident,Rejected
28,P0395,2022-11-12,1349.88,Death,Approved
29,P899,2022-10-01,2593.04,Fire,Rejected
30,P1000,2022-07-23,1996.72,Accident,Approved
31,P719,2022-06-29,1725.80,Death,Rejected
32,P0566,2022-03-09,5152.43,Fire,Approved
33,P0249,2023-07-13,7598.08,Accident,Rejected
34,P0793,2023-04-29,2730.39,Death,Approved
35,P0804,2022-08-10,6283.19,Fire,Rejected
36,P0785,2022-09-27,7935.02,Accident,Approved
37,P0223,2022-10-23,8155.30,Death,Rejected
38,P0963,2022-10-31,8178.36,Fire,Approved
39,P745,2022-08-17,4075.87,Accident,Rejected
40,P766,2023-08-24,8253.74,Death,Approved
41,P0349,2022-10-10,3250.89,Fire,Rejected
42,P0314,2023-05-29,3219.84,Accident,Approved
43,P0818,2023-09-27,9813.51,Death,Rejected
44,P0338,2023-01-08,7145.13,Fire,Approved
45,P887,2022-09-25,2645.86,Accident,Rejected
46,P0850,2023-01-21,2749.98,Death,Approved
47,P387,2022-09-18,6560.11,Fire,Rejected
48,P022,2022-06-30,2559.04,Accident,Approved
49,P124,2022-03-23,2600.09,Death,Rejected
50,P561,2022-06-26,5913.42,Fire,Approved
51,P004,2022-10-02,8871.48,Accident,Rejected
52,P242,2023-03-08,3056.16,Death,Approved
53,P0639,2022-04-22,6962.42,Fire,Rejected
54,P853,2022-07-22,8477.37,Accident,Approved
55,P321,2022-03-20,6204.46,Death,Rejected
56,P575,2022-03-20,8467.60,Fire,Approved
57,P0321,2023-04-20,7887.86,Accident,Rejected
58,P0572,2022-03-08,8403.49,Death,Approved
59,P0864,2023-06-20,2307.08,Fire,Rejected
60,P0425,2022-05-25,4672.26,Accident,Approved
61,P0540,2022-01-10,7489.97,Death,Rejected
62,P574,2023-05-08,7046.23,Fire,Approved
63,P0449,2023-04-24,3469.13,Accident,Rejected
64,P0536,2022-05-30,8282.34,Death,Approved
65,P0052,2023-06-12,3920.79,Fire,Rejected
66,P0956,2022-08-04,2040.02,Accident,Approved
67,P692,2022-03-23,5340.50,Death,Rejected
68,P075,2023-11-17,5159.41,Fire,Approved
69,P506,2022-03-05,9559.61,Accident,Rejected
70,P505,2023-03-28,6464.79,Death,Approved
71,P182,2022-03-06,9073.49,Fire,Rejected
72,P0924,2022-10-24,4329.98,Accident,Approved
73,P638,2022-02-10,4413.86,Death,Rejected
74,P0136,2023-01-07,4199.62,Fire,Approved
75,P250,2022-05-20,2795.61,Accident,Rejected
76,P430,2023-01-21,4259.24,Death,Approved
77,P0029,2022-02-09,6257.92,Fire,Rejected
78,P0963,2022-02-04,9634.36,Accident,Approved
79,P655,2022-10-10,9784.72,Death,Rejected
80,P0553,2023-05-03,2649.86,Fire,Approved
81,P912,2022-01-07,3801.29,Accident,Rejected
82,P533,2023-06-01,9557.10,Death,Approved
83,P0298,2022-08-16,6933.51,Fire,Rejected
84,P0129,2023-08-30,1639.17,Accident,Approved
85,P862,2022-03-09,8929.04,Death,Rejected
86,P124,2023-12-23,6065.68,Fire,Approved
87,P0242,2023-02-12,3170.14,Accident,Rejected
88,P0328,2023-11-16,1838.00,Death,Approved
89,P0375,2023-12-16,9446.55,Fire,Rejected
90,P755,2023-12-08,6097.86,Accident,Approved
91,P0529,2023-11-27,9772.26,Death,Rejected
92,P0860,2022-04-16,7138.66,Fire,Approved
93,P972,2023-09-03,3241.49,Accident,Rejected
94,P742,2023-11-21,5575.18,Death,Approved
95,P0517,2022-01-10,9494.64,Fire,Rejected
96,P679,2023-02-16,8040.84,Accident,Approved
97,P221,2023-07-04,1911.91,Death,Rejected
98,P249,2023-11-23,9849.81,Fire,Approved
99,P074,2022-11-12,9363.34,Accident,Rejected
100,P350,2023-12-09,8122.33,Death,Approved
101,P048,2023-09-30,2976.49,Fire,Rejected
102,P0631,2023-06-15,2815.99,Accident,Approved
103,P0283,2023-01-30,2913.78,Death,Rejected
104,P449,2023-02-27,6070.85,Fire,Approved
105,P0033,2023-06-07,3995.77,Accident,Rejected
106,P0717,2023-03-10,4749.06,Death,Approved
107,P299,2022-06-30,4039.05,Fire,Rejected
108,P0889,2023-06-11,7899.70,Accident,Approved
109,P669,2022-02-02,2921.29,Death,Rejected
110,P934,2022-01-28,4411.05,Fire,Approved
111,P0634,2023-07-25,6009.09,Accident,Rejected
112,P444,2023-01-16,3628.73,Death,Approved
113,P0853,2023-03-19,4053.44,Fire,Rejected
114,P882,2022-10-04,3299.42,Accident,Approved
115,P0779,2023-11-18,3510.58,Death,Rejected
116,P580,2022-01-20,4761.82,Fire,Approved
117,P009,2023-07-28,9159.93,Accident,Rejected
118,P174,2022-04-23,3225.71,Death,Approved
119,P769,2022-04-02,3738.34,Fire,Rejected
120,P145,2023-08-23,6973.04,Accident,Approved
121,P857,2022-07-31,8908.27,Death,Rejected
122,P532,2023-12-25,4389.43,Fire,Approved
123,P912,2022-11-09,4631.41,Accident,Rejected
124,P736,2022-12-04,1998.48,Death,Approved
125,P0538,2022-12-28,9829.84,Fire,Rejected
126,P0965,2022-04-20,5428.67,Accident,Approved
127,P013,2023-03-02,8887.83,Death,Rejected
128,P0752,2023-02-04,8452.52,Fire,Approved
129,P0088,2022-01-12,6230.08,Accident,Rejected
130,P0817,2023-01-30,2188.41,Death,Approved
131,P039,2023-08-06,8860.88,Fire,Rejected
132,P0693,2022-06-29,3783.41,Accident,Approved
133,P0595,2022-03-27,2428.63,Death,Rejected
134,P448,2023-06-21,4138.74,Fire,Approved
135,P545,2023-04-17,6526.08,Accident,Rejected
136,P0525,2023-08-22,7340.25,Death,Approved
137,P0488,2022-05-21,8016.10,Fire,Rejected
138,P321,2022-07-10,4101.44,Accident,Approved
139,P0269,2023-05-03,5680.07,Death,Rejected
140,P0912,2022-11-01,3666.92,Fire,Approved
141,P0712,2022-07-18,6991.63,Accident,Rejected
142,P520,2023-02-12,3323.63,Death,Approved
143,P0769,2022-08-12,7116.60,Fire,Rejected
144,P488,2022-09-27,4589.70,Accident,Approved
145,P890,2022-06-28,6027.54,Death,Rejected
146,P059,2023-03-29,9281.79,Fire,Approved
147,P746,2023-11-27,5799.37,Accident,Rejected
148,P0720,2022-11-24,8341.54,Death,Approved
149,P0617,2022-06-04,8740.34,Fire,Rejected
150,P0566,2023-07-06,8005.66,Accident,Approved
151,P630,2023-07-27,1463.76,Death,Rejected
152,P903,2022-09-23,1948.24,Fire,Approved
153,P443,2023-09-27,1337.60,Accident,Rejected
154,P0957,2023-07-23,2405.24,Death,Approved
155,P0257,2023-07-12,5303.77,Fire,Rejected
156,P0880,2022-02-19,1360.63,Accident,Approved
157,P993,2023-09-17,3648.47,Death,Rejected
158,P0772,2023-04-08,5140.23,Fire,Approved
159,P399,2023-03-22,8710.14,Accident,Rejected
160,P0215,2023-05-23,2024.93,Death,Approved
161,P0382,2022-03-05,9820.48,Fire,Rejected
162,P643,2022-07-01,3965.72,Accident,Approved
163,P0908,2023-01-16,9104.86,Death,Rejected
164,P0973,2023-12-26,2314.62,Fire,Approved
165,P754,2022-08-26,4337.93,Accident,Rejected
166,P0571,2022-07-18,7539.79,Death,Approved
167,P820,2023-10-30,2059.41,Fire,Rejected
168,P0075,2023-09-25,8178.34,Accident,Approved
169,P0360,2023-02-13,6663.27,Death,Rejected
170,P0650,2022-11-18,8246.60,Fire,Approved
171,P708,2022-03-20,4819.87,Accident,Rejected
172,P0621,2023-06-12,2931.27,Death,Approved
173,P0011,2023-10-08,7365.22,Fire,Rejected
174,P885,2022-07-28,8073.44,Accident,Approved
175,P070,2023-12-31,8013.93,Death,Rejected
176,P901,2022-05-01,2131.82,Fire,Approved
177,P130,2022-07-26,1169.67,Accident,Rejected
178,P0935,2022-05-04,2014.32,Death,Approved
179,P054,2023-11-13,5564.38,Fire,Rejected
180,P734,2022-04-17,5764.14,Accident,Approved
181,P209,2022-11-30,6892.81,Death,Rejected
182,P905,2023-02-14,1793.26,Fire,Approved
183,P0252,2023-01-22,4355.01,Accident,Rejected
184,P0471,2022-07-04,4982.58,Death,Approved
185,P0748,2023-11-17,4021.07,Fire,Rejected
186,P862,2022-08-06,9156.08,Accident,Approved
187,P643,2022-12-09,4917.47,Death,Rejected
188,P0067,2023-01-23,4183.83,Fire,Approved
189,P175,2023-08-18,5934.90,Accident,Rejected
190,P297,2023-09-07,3828.43,Death,Approved
191,P0858,2022-08-05,4032.38,Fire,Rejected
192,P795,2023-12-11,5222.53,Accident,Approved
193,P436,2023-06-29,4928.39,Death,Rejected
194,P944,2022-11-01,3262.63,Fire,Approved
195,P0091,2022-07-15,3943.65,Accident,Rejected
196,P0967,2022-05-08,4401.30,Death,Approved
197,P366,2023-05-27,4625.26,Fire,Rejected
198,P912,2022-09-14,1185.77,Accident,Approved
199,P0211,2022-05-15,7979.59,Death,Rejected
200,P0426,2022-08-01,5351.38,Fire,Approved
201,P0194,2022-07-20,7661.13,Accident,Rejected
202,P0463,2022-04-25,2403.53,Death,Approved
203,P312,2022-03-03,5431.70,Fire,Rejected
204,P0149,2023-02-14,2640.95,Accident,Approved
205,P0059,2023-03-11,3619.87,Death,Rejected
206,P670,2022-12-13,4284.04,Fire,Approved
207,P403,2023-10-24,3987.09,Accident,Rejected
208,P0220,2023-05-29,7298.02,Death,Approved
209,P0798,2023-09-03,1190.12,Fire,Rejected
210,P0645,2023-11-01,8163.24,Accident,Approved
211,P0122,2023-07-08,1925.94,Death,Rejected
212,P0264,2023-10-14,7667.37,Fire,Approved
213,P028,2023-10-30,5389.43,Accident,Rejected
214,P0061,2022-01-16,1135.30,Death,Approved
215,P013,2022-01-11,1309.66,Fire,Rejected
216,P0380,2023-02-04,4119.47,Accident,Approved
217,P0314,2022-10-30,8197.08,Death,Rejected
218,P0719,2022-10-02,6540.91,Fire,Approved
219,P0335,2023-10-21,6951.53,Accident,Rejected
220,P609,2022-01-12,3517.71,Death,Approved
221,P0905,2023-10-31,5725.26,Fire,Rejected
222,P881,2023-08-20,5042.40,Accident,Approved
223,P794,2023-04-04,7809.90,Death,Rejected
224,P899,2022-06-10,4646.91,Fire,Approved
225,P365,2023-03-27,9885.71,Accident,Rejected
226,P082,2022-12-02,1390.52,Death,Approved
227,P840,2022-02-18,8327.49,Fire,Rejected
228,P874,2023-10-31,9654.87,Accident,Approved
229,P0312,2022-11-09,9547.81,Death,Rejected
230,P475,2022-12-19,1143.56,Fire,Approved
231,P0074,2022-03-18,6694.00,Accident,Rejected
232,P849,2022-09-10,2643.55,Death,Approved
233,P878,2023-08-30,5745.96,Fire,Rejected
234,P142,2022-04-11,3301.16,Accident,Approved
235,P868,2023-02-15,2951.65,Death,Rejected
236,P397,2022-08-27,5000.40,Fire,Approved
237,P0845,2023-10-10,7337.52,Accident,Rejected
238,P0884,2022-05-13,3990.94,Death,Approved
239,P0577,2023-03-03,6161.99,Fire,Rejected
240,P0359,2023-09-14,9204.04,Accident,Approved
241,P0365,2022-08-01,4949.55,Death,Rejected
242,P323,2022-08-02,5454.62,Fire,Approved
243,P607,2023-01-07,7732.09,Accident,Rejected
244,P215,2023-08-25,5292.13,Death,Approved
245,P914,2022-04-12,9603.95,Fire,Rejected
246,P0901,2023-11-16,6428.53,Accident,Approved
247,P0541,2022-06-03,4976.05,Death,Rejected
248,P582,2023-02-11,1513.41,Fire,Approved
249,P0975,2023-10-16,6719.59,Accident,Rejected
250,P502,2023-02-10,3704.93,Death,Approved
251,P0004,2022-07-23,8965.43,Fire,Rejected
252,P0887,2022-08-01,7201.16,Accident,Approved
253,P578,2023-07-29,3026.11,Death,Rejected
254,P759,2022-04-12,4657.31,Fire,Approved
255,P622,2023-09-17,4880.06,Accident,Rejected
256,P599,2023-04-26,5657.57,Death,Approved
257,P0780,2023-01-16,7843.81,Fire,Rejected
258,P238,2023-10-31,8750.65,Accident,Approved
259,P564,2022-06-01,4268.98,Death,Rejected
260,P195,2023-10-03,8250.69,Fire,Approved
261,P398,2023-02-18,6793.05,Accident,Rejected
262,P527,2023-04-27,7675.23,Death,Approved
263,P731,2022-11-10,9605.76,Fire,Rejected
264,P500,2023-03-06,5229.92,Accident,Approved
265,P0429,2023-01-05,8037.78,Death,Rejected
266,P0441,2023-03-20,8814.34,Fire,Approved
267,P526,2023-12-17,4127.64,Accident,Rejected
268,P798,2023-11-26,4223.62,Death,Approved
269,P937,2023-03-27,3443.68,Fire,Rejected
270,P0473,2023-06-05,1456.25,Accident,Approved
271,P0251,2022-10-29,7520.48,Death,Rejected
272,P383,2023-07-01,6320.01,Fire,Approved
273,P0179,2023-07-17,7547.65,Accident,Rejected
274,P326,2022-11-20,3171.86,Death,Approved
275,P0571,2023-04-26,6962.24,Fire,Rejected
276,P0674,2023-05-26,5339.31,Accident,Approved
277,P0647,2022-04-02,7164.19,Death,Rejected
278,P0858,2022-05-15,7973.86,Fire,Approved
279,P0426,2022-08-03,5475.82,Accident,Rejected
280,P613,2023-01-27,8771.29,Death,Approved
281,P712,2023-11-29,6855.87,Fire,Rejected
282,P385,2023-12-16,7645.09,Accident,Approved
283,P0082,2023-02-07,5498.96,Death,Rejected
284,P844,2023-06-08,1498.90,Fire,Approved
285,P0828,2022-12-05,9439.89,Accident,Rejected
286,P299,2023-05-15,5720.64,Death,Approved
287,P575,2022-07-16,6774.03,Fire,Rejected
288,P401,2022-02-22,2464.96,Accident,Approved
289,P0069,2022-12-30,7298.05,Death,Rejected
290,P005,2023-11-03,6290.46,Fire,Approved
291,P180,2022-04-08,2189.71,Accident,Rejected
292,P0687,2023-10-16,7334.47,Death,Approved
293,P832,2022-02-03,7635.45,Fire,Rejected
294,P0155,2023-01-18,9804.94,Accident,Approved
295,P321,2023-04-30,4238.27,Death,Rejected
296,P810,2023-12-01,4328.47,Fire,Approved
297,P0923,2023-07-08,8844.57,Accident,Rejected
298,P080,2023-08-06,7697.17,Death,Approved
299,P326,2022-10-16,9970.07,Fire,Rejected
300,P799,2022-01-07,6781.83,Accident,Approved
301,P189,2022-01-07,5354.58,Death,Rejected
302,P392,2023-01-06,4257.16,Fire,Approved
303,P287,2022-09-13,8999.07,Accident,Rejected
304,P0944,2022-08-09,3982.08,Death,Approved
305,P0979,2023-07-03,5591.67,Fire,Rejected
306,P295,2023-11-26,8817.31,Accident,Approved
307,P495,2023-09-02,7409.80,Death,Rejected
308,P0585,2022-04-11,5716.64,Fire,Approved
309,P0145,2022-12-05,7266.49,Accident,Rejected
310,P0314,2022-09-24,5969.73,Death,Approved
311,P666,2023-05-08,4383.03,Fire,Rejected
312,P855,2022-04-16,2460.03,Accident,Approved
313,P374,2022-10-13,8460.47,Death,Rejected
314,P0221,2022-09-27,9416.83,Fire,Approved
315,P0758,2022-01-20,4913.50,Accident,Rejected
316,P0125,2022-04-30,5825.89,Death,Approved
317,P192,2022-09-10,2406.25,Fire,Rejected
318,P0800,2022-07-03,1201.47,Accident,Approved
319,P0021,2023-06-17,6149.14,Death,Rejected
320,P0286,2023-04-09,2491.18,Fire,Approved
321,P924,2022-03-25,8267.98,Accident,Rejected
322,P694,2022-01-31,2176.55,Death,Approved
323,P533,2022-06-30,6888.74,Fire,Rejected
324,P534,2023-05-12,8332.22,Accident,Approved
325,P0112,2023-06-11,5581.49,Death,Rejected
326,P0548,2022-09-30,7549.20,Fire,Approved
327,P0721,2022-10-23,5236.14,Accident,Rejected
328,P138,2022-07-28,1062.39,Death,Approved
329,P180,2023-10-03,8615.67,Fire,Rejected
330,P609,2022-12-03,5568.83,Accident,Approved
331,P0454,2022-06-28,7883.73,Death,Rejected
332,P0256,2022-04-20,5339.70,Fire,Approved
333,P960,2022-09-22,9315.19,Accident,Rejected
334,P0080,2023-10-19,9043.26,Death,Approved
335,P0236,2022-05-06,5950.39,Fire,Rejected
336,P231,2023-01-11,8863.22,Accident,Approved
337,P825,2023-01-03,1396.82,Death,Rejected
338,P712,2022-10-29,9438.50,Fire,Approved
339,P456,2022-11-13,8366.31,Accident,Rejected
340,P792,2023-01-06,2464.93,Death,Approved
341,P0338,2023-12-01,9304.27,Fire,Rejected
342,P0101,2023-11-09,4788.12,Accident,Approved
343,P0894,2022-09-09,7834.83,Death,Rejected
344,P759,2023-01-26,4507.06,Fire,Approved
345,P0231,2023-01-29,7024.26,Accident,Rejected
346,P0865,2023-04-15,1250.55,Death,Approved
347,P0149,2023-11-29,2388.67,Fire,Rejected
348,P904,2022-02-14,6328.77,Accident,Approved
349,P0890,2022-03-19,2807.87,Death,Rejected
350,P686,2023-08-28,1752.37,Fire,Approved
351,P0115,2022-10-29,3377.39,Accident,Rejected
352,P081,2023-04-02,8876.97,Death,Approved
353,P0552,2023-10-03,8968.04,Fire,Rejected
354,P793,2022-08-19,2764.78,Accident,Approved
355,P0931,2023-02-25,8045.70,Death,Rejected
356,P186,2023-02-26,4007.19,Fire,Approved
357,P935,2023-05-12,6340.93,Accident,Rejected
358,P0950,2023-09-10,5080.28,Death,Approved
359,P0759,2022-07-29,3217.66,Fire,Rejected
360,P370,2022-03-27,5245.34,Accident,Approved
361,P0837,2023-03-30,1750.20,Death,Rejected
362,P560,2023-01-14,9391.51,Fire,Approved
363,P0702,2023-06-19,4065.37,Accident,Rejected
364,P0569,2023-01-15,1658.63,Death,Approved
365,P0599,2023-08-19,6925.36,Fire,Rejected
366,P0642,2022-06-29,7246.11,Accident,Approved
367,P735,2023-03-07,7703.72,Death,Rejected
368,P954,2023-02-01,8652.73,Fire,Approved
369,P627,2023-02-10,9218.15,Accident,Rejected
370,P0138,2023-07-08,1828.03,Death,Approved
371,P187,2023-04-22,7352.61,Fire,Rejected
372,P579,2023-06-24,9851.58,Accident,Approved
373,P0127,2023-02-02,6605.88,Death,Rejected
374,P0516,2023-02-02,3478.13,Fire,Approved
375,P746,2023-10-11,2891.74,Accident,Rejected
376,P387,2022-08-14,4429.57,Death,Approved
377,P974,2023-07-01,8288.51,Fire,Rejected
378,P0337,2023-03-01,5482.60,Accident,Approved
379,P0294,2022-06-28,9818.28,Death,Rejected
380,P164,2023-10-10,9431.83,Fire,Approved
381,P026,2022-08-18,5453.21,Accident,Rejected
382,P0328,2022-05-10,3597.56,Death,Approved
383,P912,2023-05-21,7567.85,Fire,Rejected
384,P576,2023-04-27,6293.85,Accident,Approved
385,P0696,2022-02-05,4175.77,Death,Rejected
386,P626,2022-01-31,4127.56,Fire,Approved
387,P0975,2022-01-17,3458.79,Accident,Rejected
388,P0469,2023-05-07,5258.81,Death,Approved
389,P0623,2022-08-09,5317.74,Fire,Rejected
390,P499,2022-01-12,6431.29,Accident,Approved
391,P0457,2022-02-05,3924.61,Death,Rejected
392,P487,2022-11-10,7324.15,Fire,Approved
393,P0265,2022-01-18,4967.75,Accident,Rejected
394,P0525,2022-09-05,3668.06,Death,Approved
395,P475,2022-11-19,8315.61,Fire,Rejected
396,P740,2022-06-30,1211.23,Accident,Approved
397,P376,2023-08-16,9376.53,Death,Rejected
398,P0786,2022-08-04,8419.26,Fire,Approved
399,P0173,2023-05-30,8374.24,Accident,Rejected
400,P0981,2022-11-23,3619.53,Death,Approved
401,P0669,2023-05-27,2457.62,Fire,Rejected
402,P709,2022-02-01,1882.41,Accident,Approved
403,P0901,2023-01-08,5236.91,Death,Rejected
404,P823,2023-05-23,1127.60,Fire,Approved
405,P978,2023-10-01,4811.42,Accident,Rejected
406,P503,2022-05-23,5468.21,Death,Approved
407,P898,2023-12-28,3548.65,Fire,Rejected
408,P0369,2022-08-14,3249.92,Accident,Approved
409,P324,2023-09-24,4180.27,Death,Rejected
410,P173,2023-08-13,5673.62,Fire,Approved
411,P171,2022-08-10,1022.56,Accident,Rejected
412,P0880,2022-12-29,2616.78,Death,Approved
413,P0618,2023-01-05,3733.25,Fire,Rejected
414,P001,2022-03-07,5007.25,Accident,Approved
415,P957,2022-12-02,4782.06,Death,Rejected
416,P726,2022-09-15,6369.44,Fire,Approved
417,P0383,2023-08-30,4439.71,Accident,Rejected
418,P0609,2023-11-21,5201.52,Death,Approved
419,P0305,2022-03-19,1249.82,Fire,Rejected
420,P0714,2022-01-11,6544.21,Accident,Approved
421,P034,2022-08-28,5792.04,Death,Rejected
422,P0904,2023-08-08,9669.21,Fire,Approved
423,P420,2022-05-16,7151.87,Accident,Rejected
424,P861,2022-07-03,7081.03,Death,Approved
425,P630,2022-03-10,6382.04,Fire,Rejected
426,P0517,2023-06-28,6375.44,Accident,Approved
427,P0610,2023-12-17,6720.09,Death,Rejected
428,P0478,2022-07-29,7470.59,Fire,Approved
429,P734,2023-01-09,4204.99,Accident,Rejected
430,P246,2022-04-30,1693.45,Death,Approved
431,P0801,2022-06-30,5941.56,Fire,Rejected
432,P005,2022-09-28,8601.68,Accident,Approved
433,P110,2022-01-11,7712.61,Death,Rejected
434,P0245,2022-05-14,8763.41,Fire,Approved
435,P761,2022-06-19,8832.68,Accident,Rejected
436,P656,2023-04-27,4002.11,Death,Approved
437,P0476,2022-11-26,2686.47,Fire,Rejected
438,P0399,2022-09-10,9861.05,Accident,Approved
439,P0041,2022-12-11,7349.07,Death,Rejected
440,P111,2022-11-16,8677.39,Fire,Approved
441,P0996,2022-06-04,2766.32,Accident,Rejected
442,P0927,2022-04-14,7015.73,Death,Approved
443,P0760,2023-03-04,2568.01,Fire,Rejected
444,P113,2022-02-03,9016.10,Accident,Approved
445,P0560,2023-10-18,5951.89,Death,Rejected
446,P055,2023-04-03,9716.46,Fire,Approved
447,P0767,2023-10-21,6615.73,Accident,Rejected
448,P420,2022-05-28,7913.93,Death,Approved
449,P0734,2023-09-22,6490.10,Fire,Rejected
450,P0085,2022-12-24,1531.70,Accident,Approved
451,P0741,2023-11-22,3303.61,Death,Rejected
452,P0094,2022-11-19,8932.82,Fire,Approved
453,P080,2023-07-17,6428.31,Accident,Rejected
454,P708,2023-06-05,5078.88,Death,Approved
455,P0828,2022-07-17,9745.70,Fire,Rejected
456,P0211,2022-08-29,5526.42,Accident,Approved
457,P531,2022-03-25,9979.93,Death,Rejected
458,P649,2022-06-22,3180.93,Fire,Approved
459,P513,2023-08-01,5015.98,Accident,Rejected
460,P0817,2023-11-21,2393.30,Death,Approved
461,P938,2022-06-18,4032.21,Fire,Rejected
462,P0436,2023-11-25,7957.51,Accident,Approved
463,P0555,2023-07-09,7731.53,Death,Rejected
464,P0916,2022-02-21,9669.61,Fire,Approved
465,P613,2022-04-10,8817.16,Accident,Rejected
466,P0078,2022-02-09,5293.81,Death,Approved
467,P223,2023-05-09,7441.60,Fire,Rejected
468,P556,2023-03-19,4394.80,Accident,Approved
469,P0279,2022-06-04,8661.11,Death,Rejected
470,P0482,2023-02-10,9229.23,Fire,Approved
471,P903,2023-07-20,2488.17,Accident,Rejected
472,P510,2022-01-07,5864.73,Death,Approved
473,P0266,2023-07-10,7997.61,Fire,Rejected
474,P612,2023-05-14,6460.92,Accident,Approved
475,P979,2022-03-15,5937.98,Death,Rejected
476,P0692,2023-02-19,5593.32,Fire,Approved
477,P849,2023-06-04,1140.11,Accident,Rejected
478,P0838,2023-04-26,5189.39,Death,Approved
479,P0507,2022-10-02,8368.37,Fire,Rejected
480,P0267,2022-09-23,9356.05,Accident,Approved
481,P0649,2023-12-05,2538.34,Death,Rejected
482,P0444,2022-08-06,6453.55,Fire,Approved
483,P133,2023-09-15,8748.87,Accident,Rejected
484,P750,2022-04-21,5663.71,Death,Approved
485,P0754,2022-03-31,2877.21,Fire,Rejected
486,P0413,2023-06-27,7257.09,Accident,Approved
487,P246,2022-04-16,9882.12,Death,Rejected
488,P0083,2023-01-27,2628.45,Fire,Approved
489,P297,2023-11-21,8458.91,Accident,Rejected
490,P0385,2022-02-21,4744.99,Death,Approved
491,P0376,2022-03-18,9208.68,Fire,Rejected
492,P245,2022-12-27,7579.38,Accident,Approved
493,P173,2023-05-09,8715.91,Death,Rejected
494,P257,2023-06-14,8630.03,Fire,Approved
495,P0472,2023-07-19,7072.53,Accident,Rejected
496,P0585,2022-07-02,1792.03,Death,Approved
497,P689,2022-05-10,8404.28,Fire,Rejected
498,P589,2022-11-15,4957.36,Accident,Approved
499,P0077,2022-04-03,9673.01,Death,Rejected
500,P446,2022-08-13,2991.81,Fire,Approved
501,P182,2022-06-29,7173.36,Accident,Rejected
502,P0476,2022-10-15,9089.99,Death,Approved
503,P314,2023-09-24,4518.87,Fire,Rejected
504,P356,2023-03-27,1079.78,Accident,Approved
505,P0313,2023-11-23,2372.54,Death,Rejected
506,P922,2022-04-16,9649.65,Fire,Approved
507,P0073,2023-12-15,7913.09,Accident,Rejected
508,P0323,2022-06-29,5506.98,Death,Approved
509,P0928,2022-08-25,3904.63,Fire,Rejected
510,P0592,2022-06-29,3681.86,Accident,Approved
511,P0610,2023-10-03,2123.65,Death,Rejected
512,P990,2023-03-02,9482.05,Fire,Approved
513,P960,2023-12-18,1225.46,Accident,Rejected
514,P0784,2023-08-21,6021.45,Death,Approved
515,P0581,2023-12-25,9628.95,Fire,Rejected
516,P820,2022-06-09,6736.97,Accident,Approved
517,P0766,2023-06-25,1975.55,Death,Rejected
518,P323,2022-07-28,5146.19,Fire,Approved
519,P454,2023-09-16,9355.67,Accident,Rejected
520,P0366,2023-03-25,8506.53,Death,Approved
521,P0126,2022-04-03,6919.61,Fire,Rejected
522,P0706,2023-02-16,1892.49,Accident,Approved
523,P803,2023-06-08,2570.06,Death,Rejected
524,P726,2022-03-07,3507.08,Fire,Approved
525,P123,2023-07-31,6174.68,Accident,Rejected
526,P514,2023-08-06,5283.42,Death,Approved
527,P982,2023-01-02,5957.58,Fire,Rejected
528,P0550,2023-03-09,2953.87,Accident,Approved
529,P308,2023-10-07,5454.86,Death,Rejected
530,P826,2023-04-15,7634.56,Fire,Approved
531,P0439,2023-02-25,6483.47,Accident,Rejected
532,P319,2023-07-08,8544.30,Death,Approved
533,P0433,2022-02-22,6490.73,Fire,Rejected
534,P834,2022-09-02,2561.98,Accident,Approved
535,P0898,2023-08-08,4709.17,Death,Rejected
536,P0027,2022-02-07,3560.00,Fire,Approved
537,P267,2022-12-22,6652.46,Accident,Rejected
538,P681,2023-01-16,6076.51,Death,Approved
539,P0200,2023-03-05,2504.74,Fire,Rejected
540,P073,2023-10-01,2313.23,Accident,Approved
541,P107,2022-03-11,2430.36,Death,Rejected
542,P517,2022-02-13,7971.93,Fire,Approved
543,P697,2022-04-23,7134.64,Accident,Rejected
544,P945,2023-05-20,6528.99,Death,Approved
545,P997,2022-04-18,7683.66,Fire,Rejected
546,P0022,2022-04-03,8409.95,Accident,Approved
547,P736,2022-05-29,8337.21,Death,Rejected
548,P0465,2023-10-02,9908.23,Fire,Approved
549,P0116,2023-04-02,2553.78,Accident,Rejected
550,P981,2022-10-26,1779.92,Death,Approved
551,P0149,2023-07-23,3441.96,Fire,Rejected
552,P022,2022-07-28,4298.92,Accident,Approved
553,P0066,2023-07-28,9980.45,Death,Rejected
554,P636,2022-05-01,9365.32,Fire,Approved
555,P151,2023-12-13,4753.59,Accident,Rejected
556,P158,2023-02-06,3423.54,Death,Approved
557,P698,2023-05-08,3536.28,Fire,Rejected
558,P385,2022-03-05,3466.58,Accident,Approved
559,P0855,2023-06-17,3846.85,Death,Rejected
560,P0163,2022-01-13,9150.56,Fire,Approved
561,P0631,2023-05-03,9179.89,Accident,Rejected
562,P0892,2023-12-14,3326.39,Death,Approved
563,P362,2022-02-03,2254.41,Fire,Rejected
564,P0615,2022-09-27,2539.78,Accident,Approved
565,P752,2022-06-21,9313.68,Death,Rejected
566,P915,2023-08-11,3520.25,Fire,Approved
567,P980,2022-03-02,5150.53,Accident,Rejected
568,P057,2023-10-20,3996.01,Death,Approved
569,P0444,2023-08-17,2616.73,Fire,Rejected
570,P466,2023-07-03,4445.91,Accident,Approved
571,P662,2022-04-22,8021.15,Death,Rejected
572,P450,2023-10-06,1652.35,Fire,Approved
573,P0553,2022-10-04,7616.95,Accident,Rejected
574,P0892,2022-12-29,8742.70,Death,Approved
575,P815,2022-12-19,9758.66,Fire,Rejected
576,P0974,2022-05-10,6639.48,Accident,Approved
577,P0810,2022-04-07,8674.83,Death,Rejected
578,P870,2023-07-25,3720.26,Fire,Approved
579,P167,2023-11-12,2400.23,Accident,Rejected
580,P0883,2022-11-23,3571.25,Death,Approved
581,P0239,2023-03-03,6894.25,Fire,Rejected
582,P530,2023-04-20,7115.93,Accident,Approved
583,P456,2022-05-31,7130.00,Death,Rejected
584,P0589,2023-10-21,2269.95,Fire,Approved
585,P002,2023-02-28,9086.13,Accident,Rejected
586,P0771,2022-02-17,1602.06,Death,Approved
587,P140,2023-01-03,1839.51,Fire,Rejected
588,P0677,2023-01-04,6904.84,Accident,Approved
589,P761,2023-09-15,9720.68,Death,Rejected
590,P288,2023-01-25,8223.76,Fire,Approved
591,P418,2023-04-26,1442.27,Accident,Rejected
592,P0377,2022-06-07,3340.42,Death,Approved
593,P0160,2022-12-22,5291.93,Fire,Rejected
594,P0154,2022-05-11,2163.48,Accident,Approved
595,P0363,2022-04-26,5195.95,Death,Rejected
596,P855,2023-10-01,8262.36,Fire,Approved
597,P417,2023-04-13,9698.11,Accident,Rejected
598,P0323,2023-04-22,5765.32,Death,Approved
599,P0735,2023-09-26,3376.76,Fire,Rejected
600,P0140,2023-08-05,8477.24,Accident,Approved
601,P760,2022-08-26,4006.29,Death,Rejected
602,P697,2022-12-14,3617.86,Fire,Approved
603,P0485,2022-07-14,3259.26,Accident,Rejected
604,P460,2023-01-14,3058.83,Death,Approved
605,P0197,2022-07-08,5706.17,Fire,Rejected
606,P841,2023-04-10,6904.95,Accident,Approved
607,P372,2023-10-18,4329.24,Death,Rejected
608,P0653,2023-05-04,8905.47,Fire,Approved
609,P383,2022-07-29,3547.95,Accident,Rejected
610,P560,2023-11-02,9388.36,Death,Approved
611,P904,2023-06-15,9274.32,Fire,Rejected
612,P422,2022-08-27,4460.22,Accident,Approved
613,P0922,2023-02-07,9410.74,Death,Rejected
614,P019,2022-07-29,4433.32,Fire,Approved
615,P045,2022-03-03,3575.62,Accident,Rejected
616,P177,2022-01-19,6350.10,Death,Approved
617,P0502,2023-05-30,8466.43,Fire,Rejected
618,P0102,2023-05-15,3861.71,Accident,Approved
619,P543,2023-06-17,1343.35,Death,Rejected
620,P0602,2023-10-15,5201.73,Fire,Approved
621,P0016,2023-09-16,3867.94,Accident,Rejected
622,P030,2022-05-23,8988.28,Death,Approved
623,P0648,2023-03-08,4627.91,Fire,Rejected
624,P0128,2022-01-02,3549.02,Accident,Approved
625,P0247,2022-05-27,7967.85,Death,Rejected
626,P0745,2022-01-14,3604.69,Fire,Approved
627,P0360,2022-03-03,3243.20,Accident,Rejected
628,P992,2022-06-11,2129.14,Death,Approved
629,P961,2022-11-17,3764.52,Fire,Rejected
630,P220,2022-05-03,2674.65,Accident,Approved
631,P0709,2023-02-24,6330.47,Death,Rejected
632,P0139,2022-10-30,4222.18,Fire,Approved
633,P552,2023-04-26,6851.56,Accident,Rejected
634,P0704,2022-11-15,4125.88,Death,Approved
635,P434,2022-03-17,3078.07,Fire,Rejected
636,P0075,2023-01-19,1846.55,Accident,Approved
637,P0801,2022-05-23,3616.49,Death,Rejected
638,P869,2022-12-05,7462.63,Fire,Approved
639,P0900,2023-09-04,6365.40,Accident,Rejected
640,P474,2023-01-30,3740.86,Death,Approved
641,P0783,2023-03-10,3402.89,Fire,Rejected
642,P558,2023-12-01,2228.23,Accident,Approved
643,P0599,2023-04-03,7380.51,Death,Rejected
644,P667,2022-05-31,1278.22,Fire,Approved
645,P0699,2023-03-06,3983.74,Accident,Rejected
646,P895,2022-12-12,7187.45,Death,Approved
647,P0087,2022-01-15,1434.71,Fire,Rejected
648,P184,2023-07-17,3715.88,Accident,Approved
649,P0900,2022-03-05,8533.20,Death,Rejected
650,P926,2022-03-28,8326.94,Fire,Approved
651,P719,2022-04-09,5759.10,Accident,Rejected
652,P0478,2023-03-20,3900.59,Death,Approved
653,P786,2023-12-13,5551.58,Fire,Rejected
654,P0388,2023-01-12,7810.33,Accident,Approved
655,P237,2023-11-02,8933.58,Death,Rejected
656,P653,2023-03-21,1807.78,Fire,Approved
657,P630,2023-09-13,4415.30,Accident,Rejected
658,P347,2023-03-11,9414.38,Death,Approved
659,P892,2023-04-15,5936.82,Fire,Rejected
660,P814,2022-10-31,6757.76,Accident,Approved
661,P0135,2023-09-10,4326.81,Death,Rejected
662,P313,2022-11-22,3685.57,Fire,Approved
663,P151,2023-09-28,9021.30,Accident,Rejected
664,P847,2023-02-11,3193.82,Death,Approved
665,P555,2022-01-13,4930.43,Fire,Rejected
666,P0525,2022-09-13,4201.15,Accident,Approved
667,P0280,2023-02-20,6970.33,Death,Rejected
668,P0625,2022-02-13,5195.42,Fire,Approved
669,P152,2022-09-26,4434.96,Accident,Rejected
670,P804,2023-09-29,9520.70,Death,Approved
671,P118,2023-07-08,4912.29,Fire,Rejected
672,P0207,2022-05-13,2924.27,Accident,Approved
673,P0400,2023-12-24,4309.49,Death,Rejected
674,P0740,2022-07-03,6803.72,Fire,Approved
675,P477,2022-10-30,6941.34,Accident,Rejected
676,P059,2022-08-19,4607.17,Death,Approved
677,P057,2022-03-01,3157.68,Fire,Rejected
678,P950,2022-02-01,4220.64,Accident,Approved
679,P662,2022-06-15,2393.67,Death,Rejected
680,P090,2022-01-01,7536.35,Fire,Approved
681,P0103,2023-12-03,9278.86,Accident,Rejected
682,P721,2023-08-27,9827.09,Death,Approved
683,P429,2022-05-12,6638.36,Fire,Rejected
684,P601,2022-03-02,6737.64,Accident,Approved
685,P0973,2023-07-24,1775.23,Death,Rejected
686,P0064,2022-05-19,7101.87,Fire,Approved
687,P0250,2022-02-25,9218.64,Accident,Rejected
688,P337,2023-11-27,7740.33,Death,Approved
689,P0435,2022-05-14,3322.89,Fire,Rejected
690,P744,2023-11-10,4842.20,Accident,Approved
691,P0962,2022-11-20,2657.86,Death,Rejected
692,P0887,2022-10-16,2889.59,Fire,Approved
693,P864,2023-05-13,8405.13,Accident,Rejected
694,P065,2023-09-29,2391.24,Death,Approved
695,P155,2022-08-26,2360.72,Fire,Rejected
696,P778,2022-11-27,9293.94,Accident,Approved
697,P0228,2022-12-15,6775.58,Death,Rejected
698,P0890,2023-11-30,5109.86,Fire,Approved
699,P415,2023-05-18,2848.19,Accident,Rejected
700,P0696,2022-05-25,1888.77,Death,Approved
701,P0783,2022-06-04,4200.30,Fire,Rejected
702,P0915,2023-04-14,8027.06,Accident,Approved
703,P0981,2023-02-14,8756.84,Death,Rejected
704,P633,2023-02-06,8816.60,Fire,Approved
705,P0109,2023-09-19,2893.68,Accident,Rejected
706,P0229,2023-07-12,4446.10,Death,Approved
707,P0873,2023-12-05,9558.42,Fire,Rejected
708,P865,2022-12-06,7629.23,Accident,Approved
709,P0964,2022-06-12,3261.18,Death,Rejected
710,P599,2022-05-24,2905.01,Fire,Approved
711,P477,2023-06-04,2349.38,Accident,Rejected
712,P622,2023-04-02,3514.63,Death,Approved
713,P529,2023-07-20,3736.98,Fire,Rejected
714,P0195,2022-02-25,8063.89,Accident,Approved
715,P0477,2022-04-09,6212.77,Death,Rejected
716,P502,2023-06-13,2296.68,Fire,Approved
717,P0731,2022-08-12,8989.38,Accident,Rejected
718,P0133,2023-11-16,2140.27,Death,Approved
719,P0960,2023-06-15,2508.33,Fire,Rejected
720,P0466,2023-08-02,9879.43,Accident,Approved
721,P0427,2023-08-17,4629.07,Death,Rejected
722,P581,2023-05-04,6580.75,Fire,Approved
723,P088,2023-03-14,7475.52,Accident,Rejected
724,P0028,2023-09-09,8361.13,Death,Approved
725,P564,2022-09-03,1051.23,Fire,Rejected
726,P0152,2022-03-05,4347.83,Accident,Approved
727,P608,2023-10-05,6442.88,Death,Rejected
728,P0002,2022-03-12,4039.52,Fire,Approved
729,P399,2023-12-14,7203.80,Accident,Rejected
730,P525,2023-01-12,1236.74,Death,Approved
731,P594,2023-09-13,5436.39,Fire,Rejected
732,P0010,2022-03-10,7519.68,Accident,Approved
733,P0231,2023-01-25,6791.90,Death,Rejected
734,P0271,2022-04-24,9320.25,Fire,Approved
735,P0487,2022-01-08,6238.64,Accident,Rejected
736,P0961,2023-04-19,6444.35,Death,Approved
737,P0366,2023-03-02,7104.90,Fire,Rejected
738,P645,2022-05-06,9394.42,Accident,Approved
739,P147,2023-11-25,3721.08,Death,Rejected
740,P0830,2022-10-18,1036.82,Fire,Approved
741,P829,2022-04-05,2476.62,Accident,Rejected
742,P437,2023-04-28,1135.23,Death,Approved
743,P0314,2022-10-26,7949.57,Fire,Rejected
744,P0522,2023-09-16,4314.82,Accident,Approved
745,P279,2022-08-01,6547.16,Death,Rejected
746,P210,2022-05-25,4272.96,Fire,Approved
747,P0679,2022-01-18,5063.46,Accident,Rejected
748,P186,2023-02-22,3707.16,Death,Approved
749,P789,2022-02-05,8859.58,Fire,Rejected
750,P221,2022-12-17,7673.17,Accident,Approved
751,P0513,2022-03-20,7644.65,Death,Rejected
752,P368,2023-04-06,1396.43,Fire,Approved
753,P0043,2023-01-12,6308.62,Accident,Rejected
754,P405,2022-06-25,9985.90,Death,Approved
755,P269,2022-09-14,9539.27,Fire,Rejected
756,P0358,2023-03-17,9522.11,Accident,Approved
757,P0383,2023-07-25,2208.39,Death,Rejected
758,P0663,2022-06-18,2574.58,Fire,Approved
759,P182,2022-10-07,4339.77,Accident,Rejected
760,P710,2022-10-31,9667.77,Death,Approved
761,P573,2023-11-22,1247.62,Fire,Rejected
762,P0921,2022-11-03,2779.80,Accident,Approved
763,P0136,2022-02-08,1698.46,Death,Rejected
764,P228,2023-10-28,8822.17,Fire,Approved
765,P0017,2022-11-28,4915.06,Accident,Rejected
766,P0713,2023-07-05,4005.95,Death,Approved
767,P0219,2022-01-30,9769.45,Fire,Rejected
768,P0771,2023-09-04,9395.18,Accident,Approved
769,P148,2023-11-27,3839.13,Death,Rejected
770,P0140,2023-04-13,1460.76,Fire,Approved
771,P0449,2023-01-12,6203.97,Accident,Rejected
772,P0796,2023-12-18,8877.36,Death,Approved
773,P0598,2023-01-31,4681.65,Fire,Rejected
774,P0974,2023-09-28,1843.23,Accident,Approved
775,P858,2022-01-04,5053.66,Death,Rejected
776,P0478,2023-09-09,5525.52,Fire,Approved
777,P977,2022-10-21,1593.06,Accident,Rejected
778,P0818,2022-10-28,7255.87,Death,Approved
779,P0478,2022-03-21,8457.27,Fire,Rejected
780,P817,2023-03-10,5672.70,Accident,Approved
781,P818,2023-01-17,2469.93,Death,Rejected
782,P0640,2023-07-09,1431.65,Fire,Approved
783,P0767,2023-04-29,4844.13,Accident,Rejected
784,P0933,2022-12-06,8876.04,Death,Approved
785,P0014,2022-07-27,5291.96,Fire,Rejected
786,P0766,2022-06-12,5704.01,Accident,Approved
787,P0795,2022-04-23,9437.66,Death,Rejected
788,P225,2022-08-17,9004.19,Fire,Approved
789,P0058,2023-09-29,8518.86,Accident,Rejected
790,P568,2022-08-08,8395.33,Death,Approved
791,P0614,2023-02-12,2617.28,Fire,Rejected
792,P0060,2023-02-21,2708.67,Accident,Approved
793,P0173,2023-03-21,4026.92,Death,Rejected
794,P0603,2022-07-16,8019.41,Fire,Approved
795,P0367,2022-03-27,3825.95,Accident,Rejected
796,P219,2022-04-14,1552.22,Death,Approved
797,P883,2022-06-06,4877.07,Fire,Rejected
798,P521,2022-07-16,8255.78,Accident,Approved
799,P0902,2023-06-01,8781.27,Death,Rejected
800,P0900,2022-10-19,4595.40,Fire,Approved
801,P800,2023-08-10,6538.20,Accident,Rejected
802,P0566,2022-12-23,4979.87,Death,Approved
803,P0007,2022-10-19,7858.25,Fire,Rejected
804,P618,2023-07-18,1203.59,Accident,Approved
805,P798,2023-11-08,3114.73,Death,Rejected
806,P0949,2022-07-20,2681.01,Fire,Approved
807,P0363,2023-12-21,6383.03,Accident,Rejected
808,P034,2022-10-07,8255.41,Death,Approved
809,P0637,2023-12-31,4091.00,Fire,Rejected
810,P0268,2023-02-24,7383.53,Accident,Approved
811,P824,2023-12-23,5225.92,Death,Rejected
812,P383,2023-01-10,4718.45,Fire,Approved
813,P0400,2022-10-13,4376.09,Accident,Rejected
814,P707,2022-10-14,8688.73,Death,Approved
815,P089,2023-10-18,2944.11,Fire,Rejected
816,P383,2022-07-19,2932.77,Accident,Approved
817,P0808,2023-03-30,4130.53,Death,Rejected
818,P877,2022-08-30,1258.03,Fire,Approved
819,P0212,2023-05-06,9118.03,Accident,Rejected
820,P507,2023-07-20,4475.93,Death,Approved
821,P0287,2023-09-29,5887.49,Fire,Rejected
822,P097,2023-09-22,1149.16,Accident,Approved
823,P507,2022-11-11,6970.32,Death,Rejected
824,P0785,2022-04-13,6598.51,Fire,Approved
825,P0358,2023-03-03,8682.32,Accident,Rejected
826,P0434,2022-01-05,5425.96,Death,Approved
827,P0604,2023-06-12,3654.29,Fire,Rejected
828,P0170,2023-04-18,3842.60,Accident,Approved
829,P0353,2022-06-28,3742.39,Death,Rejected
830,P791,2022-02-02,8640.58,Fire,Approved
831,P0855,2022-01-03,7202.12,Accident,Rejected
832,P439,2022-03-16,2874.08,Death,Approved
833,P737,2022-02-07,1469.09,Fire,Rejected
834,P0702,2022-09-30,5927.28,Accident,Approved
835,P0123,2022-11-24,4516.81,Death,Rejected
836,P0388,2023-09-20,5308.30,Fire,Approved
837,P0232,2023-04-11,7710.37,Accident,Rejected
838,P0218,2023-09-01,7505.63,Death,Approved
839,P114,2022-10-26,7270.48,Fire,Rejected
840,P0636,2022-05-26,2986.36,Accident,Approved
841,P517,2023-09-30,8605.59,Death,Rejected
842,P613,2022-12-26,6815.75,Fire,Approved
843,P0053,2023-08-28,8908.64,Accident,Rejected
844,P911,2023-11-01,8666.40,Death,Approved
845,P519,2023-12-24,4778.43,Fire,Rejected
846,P0863,2022-10-17,6281.72,Accident,Approved
847,P748,2023-12-10,6520.29,Death,Rejected
848,P0653,2023-11-16,3016.89,Fire,Approved
849,P307,2023-09-18,4303.50,Accident,Rejected
850,P264,2022-06-11,3824.31,Death,Approved
851,P904,2023-03-01,2750.29,Fire,Rejected
852,P227,2023-02-09,1766.71,Accident,Approved
853,P762,2023-02-22,6078.91,Death,Rejected
854,P105,2023-08-31,8611.74,Fire,Approved
855,P732,2022-04-01,4808.93,Accident,Rejected
856,P0800,2022-11-26,1197.14,Death,Approved
857,P0317,2023-06-10,3930.36,Fire,Rejected
858,P0580,2022-09-30,5106.12,Accident,Approved
859,P159,2022-11-17,7370.19,Death,Rejected
860,P224,2023-12-28,3749.63,Fire,Approved
861,P0676,2023-08-01,3975.71,Accident,Rejected
862,P0584,2022-10-26,2816.75,Death,Approved
863,P782,2022-08-18,2995.95,Fire,Rejected
864,P163,2022-04-25,3623.40,Accident,Approved
865,P0807,2022-02-12,3981.63,Death,Rejected
866,P0350,2022-10-31,6698.58,Fire,Approved
867,P919,2023-05-21,7382.31,Accident,Rejected
868,P0751,2022-06-01,6723.00,Death,Approved
869,P0615,2023-10-04,7517.72,Fire,Rejected
870,P978,2023-06-27,7896.85,Accident,Approved
871,P0624,2023-06-04,7769.37,Death,Rejected
872,P632,2023-09-29,5334.31,Fire,Approved
873,P792,2023-01-15,2972.01,Accident,Rejected
874,P544,2022-01-20,5734.24,Death,Approved
875,P553,2022-04-29,2495.17,Fire,Rejected
876,P0623,2022-06-13,1789.24,Accident,Approved
877,P762,2023-02-17,5769.49,Death,Rejected
878,P0418,2022-05-10,1249.40,Fire,Approved
879,P613,2023-11-21,9175.62,Accident,Rejected
880,P0147,2023-08-14,9315.68,Death,Approved
881,P195,2022-05-22,4513.06,Fire,Rejected
882,P369,2023-05-10,3521.41,Accident,Approved
883,P366,2023-12-28,8860.04,Death,Rejected
884,P381,2022-07-31,3724.81,Fire,Approved
885,P0816,2022-08-18,6764.09,Accident,Rejected
886,P0636,2022-09-25,1557.32,Death,Approved
887,P209,2023-09-19,6955.36,Fire,Rejected
888,P738,2023-05-22,3381.08,Accident,Approved
889,P238,2022-10-22,3691.74,Death,Rejected
890,P0121,2023-01-21,8049.80,Fire,Approved
891,P331,2022-08-21,6307.08,Accident,Rejected
892,P0596,2022-05-28,1221.63,Death,Approved
893,P0876,2023-01-16,1438.98,Fire,Rejected
894,P0668,2022-07-06,3134.83,Accident,Approved
895,P424,2022-10-07,6934.10,Death,Rejected
896,P145,2023-07-07,4087.73,Fire,Approved
897,P451,2022-05-23,6797.79,Accident,Rejected
898,P639,2022-06-21,3454.84,Death,Approved
899,P662,2022-12-18,4846.46,Fire,Rejected
900,P0109,2022-05-12,8435.98,Accident,Approved
901,P598,2022-12-06,6024.34,Death,Rejected
902,P0993,2022-08-14,4175.42,Fire,Approved
903,P0034,2022-04-08,2376.20,Accident,Rejected
904,P360,2022-09-20,7359.41,Death,Approved
905,P460,2022-04-22,4595.23,Fire,Rejected
906,P0493,2022-12-31,8914.28,Accident,Approved
907,P0502,2023-09-14,6071.48,Death,Rejected
908,P0056,2023-04-02,4032.39,Fire,Approved
909,P811,2022-01-25,7661.42,Accident,Rejected
910,P610,2023-07-27,2038.95,Death,Approved
911,P0265,2023-07-28,3257.54,Fire,Rejected
912,P0853,2023-06-16,9551.88,Accident,Approved
913,P0381,2023-12-24,3196.48,Death,Rejected
914,P250,2023-01-18,8817.55,Fire,Approved
915,P766,2022-06-26,9098.76,Accident,Rejected
916,P770,2022-05-06,5826.75,Death,Approved
917,P0538,2022-06-11,6473.99,Fire,Rejected
918,P377,2022-02-15,2596.66,Accident,Approved
919,P704,2023-12-13,7935.01,Death,Rejected
920,P0757,2022-08-28,8691.34,Fire,Approved
921,P290,2023-10-10,6061.59,Accident,Rejected
922,P150,2022-02-24,9261.21,Death,Approved
923,P362,2022-02-19,3233.69,Fire,Rejected
924,P035,2022-11-15,1642.95,Accident,Approved
925,P0211,2022-01-24,1126.31,Death,Rejected
926,P0341,2023-08-24,2744.83,Fire,Approved
927,P511,2023-11-08,2175.80,Accident,Rejected
928,P874,2023-12-07,2953.67,Death,Approved
929,P0182,2022-07-23,8546.65,Fire,Rejected
930,P0507,2022-07-07,2982.97,Accident,Approved
931,P0273,2023-12-29,9877.91,Death,Rejected
932,P0600,2023-07-09,9693.01,Fire,Approved
933,P0098,2023-09-19,6736.90,Accident,Rejected
934,P0017,2022-04-21,9241.15,Death,Approved
935,P124,2023-10-08,1395.35,Fire,Rejected
936,P572,2023-05-25,8117.29,Accident,Approved
937,P862,2023-11-12,1709.00,Death,Rejected
938,P605,2023-07-01,9553.31,Fire,Approved
939,P517,2023-05-15,9122.13,Accident,Rejected
940,P466,2023-03-01,5830.53,Death,Approved
941,P936,2022-02-26,6144.90,Fire,Rejected
942,P0103,2022-11-07,3167.93,Accident,Approved
943,P931,2023-11-07,8521.71,Death,Rejected
944,P407,2023-01-10,4202.48,Fire,Approved
945,P0139,2022-03-31,9112.73,Accident,Rejected
946,P0832,2023-12-20,5551.05,Death,Approved
947,P584,2022-09-27,2040.34,Fire,Rejected
948,P477,2022-01-01,6348.86,Accident,Approved
949,P0527,2022-02-18,4819.54,Death,Rejected
950,P923,2022-09-01,9143.79,Fire,Approved
951,P530,2023-10-19,9375.97,Accident,Rejected
952,P0418,2023-12-14,1195.23,Death,Approved
953,P0784,2023-08-28,6467.11,Fire,Rejected
954,P0098,2023-11-12,1097.85,Accident,Approved
955,P0200,2022-06-30,5215.66,Death,Rejected
956,P609,2023-03-12,2610.76,Fire,Approved
957,P108,2023-12-30,7038.33,Accident,Rejected
958,P0021,2023-07-27,8576.18,Death,Approved
959,P858,2023-07-09,3059.16,Fire,Rejected
960,P0898,2023-04-08,6176.28,Accident,Approved
961,P0804,2022-04-22,8505.31,Death,Rejected
962,P718,2022-02-17,2665.26,Fire,Approved
963,P730,2022-03-11,3577.28,Accident,Rejected
964,P144,2023-09-28,9220.50,Death,Approved
965,P0727,2022-01-31,4053.07,Fire,Rejected
966,P578,2023-09-04,5292.05,Accident,Approved
967,P873,2023-11-04,9930.88,Death,Rejected
968,P0198,2022-01-16,5585.17,Fire,Approved
969,P0350,2023-10-06,9679.87,Accident,Rejected
970,P176,2023-12-21,4590.16,Death,Approved
971,P039,2023-12-30,8856.46,Fire,Rejected
972,P0885,2022-06-21,1582.21,Accident,Approved
973,P0271,2023-10-13,6452.46,Death,Rejected
974,P0531,2023-11-30,7477.20,Fire,Approved
975,P0756,2022-12-17,2959.63,Accident,Rejected
976,P0718,2023-03-04,9886.18,Death,Approved
977,P179,2023-11-10,1984.74,Fire,Rejected
978,P758,2022-12-14,1852.22,Accident,Approved
979,P046,2023-11-27,6589.75,Death,Rejected
980,P247,2022-10-01,2170.16,Fire,Approved
981,P0425,2022-06-26,6689.49,Accident,Rejected
982,P439,2022-07-19,1565.08,Death,Approved
983,P0530,2022-07-30,9590.14,Fire,Rejected
984,P0822,2023-05-10,6953.83,Accident,Approved
985,P0036,2022-10-17,2372.56,Death,Rejected
986,P0311,2022-10-28,4051.15,Fire,Approved
987,P0201,2022-07-21,1033.11,Accident,Rejected
988,P192,2023-11-20,2268.05,Death,Approved
989,P0571,2023-12-03,2550.01,Fire,Rejected
990,P0238,2022-10-07,9763.26,Accident,Approved
991,P0092,2023-05-13,3210.28,Death,Rejected
992,P185,2022-05-13,4214.82,Fire,Approved
993,P240,2022-04-08,9507.70,Accident,Rejected
994,P326,2023-08-01,9816.08,Death,Approved
995,P531,2023-05-14,8578.71,Fire,Rejected
996,P159,2022-07-24,9262.30,Accident,Approved
997,P0979,2023-12-25,7359.22,Death,Rejected
998,P0349,2023-05-15,7655.08,Fire,Approved
999,P0732,2022-01-02,1707.79,Accident,Rejected
1000,P385,2023-05-24,3935.88,Death,Approved
1001,P0506,2022-02-19,8093.46,Death,Rejected
1002,P0643,2022-08-26,4730.52,Fire,Approved
1003,P092,2022-06-20,8917.92,Accident,Rejected
1004,P701,2023-09-19,2709.45,Death,Approved
1005,P0324,2022-08-18,4972.52,Fire,Rejected
1006,P263,2023-12-28,2646.59,Accident,Approved
1007,P0258,2022-03-16,7468.96,Death,Rejected
1008,P0409,2022-07-28,6058.58,Fire,Approved
1009,P0996,2022-03-03,6024.73,Accident,Rejected
1010,P546,2022-01-16,5396.59,Death,Approved
1011,P0042,2022-11-09,1059.61,Fire,Rejected
1012,P750,2023-06-07,4061.15,Accident,Approved
1013,P557,2023-06-23,1282.08,Death,Rejected
1014,P944,2023-04-07,3915.41,Fire,Approved
1015,P727,2023-04-19,1617.06,Accident,Rejected
1016,P0914,2023-07-29,7648.91,Death,Approved
1017,P331,2022-11-25,3252.47,Fire,Rejected
1018,P0683,2023-07-06,1677.31,Accident,Approved
1019,P109,2022-08-21,3368.39,Death,Rejected
1020,P0129,2022-01-16,1183.62,Fire,Approved
1021,P037,2022-04-04,5743.21,Accident,Rejected
1022,P0851,2023-05-07,6498.77,Death,Approved
1023,P036,2022-09-14,6835.02,Fire,Rejected
1024,P0182,2023-12-21,4335.10,Accident,Approved
1025,P0368,2022-09-24,2262.35,Death,Rejected
1026,P613,2023-03-19,2940.01,Fire,Approved
1027,P0782,2023-04-18,5117.28,Accident,Rejected
1028,P0777,2022-09-23,8002.23,Death,Approved
1029,P797,2023-04-25,9011.52,Fire,Rejected
1030,P486,2023-06-17,2861.72,Accident,Approved
1031,P847,2023-03-22,5626.66,Death,Rejected
1032,P742,2022-04-21,5866.45,Fire,Approved
1033,P248,2023-04-02,4396.42,Accident,Rejected
1034,P0486,2023-11-07,6319.09,Death,Approved
1035,P0208,2022-04-03,1823.92,Fire,Rejected
1036,P077,2022-03-30,4297.81,Accident,Approved
1037,P0580,2022-07-02,8579.03,Death,Rejected
1038,P0181,2023-07-17,5281.38,Fire,Approved
1039,P0304,2023-10-22,3876.96,Accident,Rejected
1040,P0551,2022-12-16,7559.80,Death,Approved
1041,P0246,2023-09-21,7106.25,Fire,Rejected
1042,P0594,2022-01-04,6385.58,Accident,Approved
1043,P0023,2022-03-13,5977.36,Death,Rejected
1044,P0925,2023-05-27,1778.56,Fire,Approved
1045,P0273,2022-10-17,9895.60,Accident,Rejected
1046,P754,2023-08-07,7627.23,Death,Approved
1047,P0121,2022-06-07,2997.16,Fire,Rejected
1048,P472,2023-04-22,8837.76,Accident,Approved
1049,P0930,2022-09-30,7097.51,Death,Rejected
1050,P265,2022-08-05,7181.05,Fire,Approved
1051,P0270,2023-04-24,6851.44,Accident,Rejected
1052,P282,2022-12-05,5226.81,Death,Approved
1053,P0677,2022-10-03,1155.64,Fire,Rejected
1054,P951,2023-06-04,7327.80,Accident,Approved
1055,P378,2023-07-26,8021.83,Death,Rejected
1056,P557,2022-11-01,4896.04,Fire,Approved
1057,P912,2022-07-09,6093.92,Accident,Rejected
1058,P0211,2023-02-04,6320.85,Death,Approved
1059,P0492,2023-08-01,1132.03,Fire,Rejected
1060,P704,2022-12-05,2899.56,Accident,Approved
1061,P666,2023-05-25,5400.01,Death,Rejected
1062,P0394,2022-08-03,4712.31,Fire,Approved
1063,P0037,2023-05-03,8184.42,Accident,Rejected
1064,P0628,2023-01-27,7521.17,Death,Approved
1065,P014,2023-10-12,4714.30,Fire,Rejected
1066,P394,2023-06-15,5072.73,Accident,Approved
1067,P0789,2022-02-15,1532.39,Death,Rejected
1068,P0363,2022-09-26,5627.58,Fire,Approved
1069,P474,2023-07-29,5831.75,Accident,Rejected
1070,P0426,2022-01-06,1595.77,Death,Approved
1071,P310,2022-09-10,8204.20,Fire,Rejected
1072,P0909,2022-11-10,3250.18,Accident,Approved
1073,P959,2022-02-09,4500.86,Death,Rejected
1074,P0895,2023-06-27,4313.64,Fire,Approved
1075,P0017,2023-12-01,9567.98,Accident,Rejected
1076,P0435,2023-02-25,2969.99,Death,Approved
1077,P0639,2022-05-13,8264.10,Fire,Rejected
1078,P496,2022-01-19,6938.42,Accident,Approved
1079,P0407,2022-04-07,9942.96,Death,Rejected
1080,P0635,2023-10-04,7099.05,Fire,Approved
1081,P0771,2023-06-16,4463.95,Accident,Rejected
1082,P743,2023-01-31,5441.55,Death,Approved
1083,P841,2023-06-12,1797.30,Fire,Rejected
1084,P0537,2022-03-28,7861.98,Accident,Approved
1085,P463,2023-12-28,6431.68,Death,Rejected
1086,P033,2022-09-20,7260.94,Fire,Approved
1087,P401,2023-10-28,4219.85,Accident,Rejected
1088,P0585,2022-05-27,8542.88,Death,Approved
1089,P0197,2022-11-11,4494.45,Fire,Rejected
1090,P0718,2022-02-25,4898.60,Accident,Approved
1091,P0220,2022-10-18,2537.97,Death,Rejected
1092,P0830,2023-08-01,9775.30,Fire,Approved
1093,P0552,2023-02-27,4498.63,Accident,Rejected
1094,P210,2023-10-05,7957.36,Death,Approved
1095,P225,2023-08-11,4126.15,Fire,Rejected
1096,P0588,2023-02-26,9243.55,Accident,Approved
1097,P848,2022-12-23,9077.72,Death,Rejected
1098,P0040,2022-11-10,1641.61,Fire,Approved
1099,P067,2022-04-10,5230.84,Accident,Rejected
1100,P940,2022-08-09,7143.34,Death,Approved
1101,P517,2022-12-22,9234.63,Fire,Rejected
1102,P0620,2023-08-23,7900.14,Accident,Approved
1103,P0968,2023-02-04,6676.06,Death,Rejected
1104,P0013,2023-04-25,7781.38,Fire,Approved
1105,P796,2023-06-17,3256.91,Accident,Rejected
1106,P0875,2023-03-03,7455.51,Death,Approved
1107,P837,2022-01-18,6504.54,Fire,Rejected
1108,P984,2022-03-18,6064.26,Accident,Approved
1109,P508,2023-08-07,5518.25,Death,Rejected
1110,P113,2022-02-15,9724.79,Fire,Approved
1111,P0830,2022-10-17,9990.68,Accident,Rejected
1112,P808,2022-01-24,7685.34,Death,Approved
1113,P624,2023-09-21,5078.90,Fire,Rejected
1114,P0788,2022-02-05,2808.17,Accident,Approved
1115,P0817,2023-05-13,8522.98,Death,Rejected
1116,P134,2022-05-05,5017.69,Fire,Approved
1117,P723,2022-07-10,2295.10,Accident,Rejected
1118,P936,2022-07-05,5130.63,Death,Approved
1119,P0328,2022-07-28,8482.73,Fire,Rejected
1120,P0461,2022-01-03,2091.00,Accident,Approved
1121,P602,2023-03-19,3246.70,Death,Rejected
1122,P434,2022-10-17,7278.57,Fire,Approved
1123,P296,2022-10-14,1624.95,Accident,Rejected
1124,P0856,2023-04-17,7474.86,Death,Approved
1125,P0027,2022-04-06,7114.85,Fire,Rejected
1126,P006,2023-12-24,9367.06,Accident,Approved
1127,P0668,2023-03-25,1263.57,Death,Rejected
1128,P304,2022-11-11,3175.36,Fire,Approved
1129,P918,2023-09-20,5912.18,Accident,Rejected
1130,P0212,2022-03-28,2239.80,Death,Approved
1131,P0449,2022-07-07,3555.11,Fire,Rejected
1132,P0372,2022-10-10,9934.00,Accident,Approved
1133,P802,2022-01-23,7731.98,Death,Rejected
1134,P0718,2023-12-29,1340.59,Fire,Approved
1135,P0198,2023-10-09,8483.37,Accident,Rejected
1136,P0405,2023-12-30,5473.53,Death,Approved
1137,P496,2023-11-30,3831.36,Fire,Rejected
1138,P706,2023-02-21,7723.50,Accident,Approved
1139,P0970,2023-09-25,3433.44,Death,Rejected
1140,P0289,2023-11-19,5140.61,Fire,Approved
1141,P0117,2023-12-20,5546.01,Accident,Rejected
1142,P578,2022-09-06,9884.46,Death,Approved
1143,P916,2023-03-26,4014.86,Fire,Rejected
1144,P827,2022-04-01,2308.12,Accident,Approved
1145,P351,2022-08-28,6248.37,Death,Rejected
1146,P0529,2023-10-22,7550.44,Fire,Approved
1147,P0593,2022-11-27,5329.59,Accident,Rejected
1148,P0858,2023-08-04,8505.01,Death,Approved
1149,P781,2022-10-30,7501.83,Fire,Rejected
1150,P368,2023-05-10,3511.30,Accident,Approved
1151,P361,2023-12-18,8354.31,Death,Rejected
1152,P140,2022-07-03,8540.00,Fire,Approved
1153,P0178,2023-04-21,9633.23,Accident,Rejected
1154,P0062,2022-08-28,2078.49,Death,Approved
1155,P0975,2023-05-30,7181.98,Fire,Rejected
1156,P0116,2023-01-26,7439.04,Accident,Approved
1157,P0923,2023-06-12,7209.98,Death,Rejected
1158,P0451,2022-09-10,8944.00,Fire,Approved
1159,P0903,2022-06-11,9850.68,Accident,Rejected
1160,P252,2022-08-23,8566.31,Death,Approved
1161,P0437,2023-05-16,7336.32,Fire,Rejected
1162,P0916,2022-05-28,6615.57,Accident,Approved
1163,P521,2023-05-18,9164.98,Death,Rejected
1164,P0580,2023-04-04,7577.74,Fire,Approved
1165,P766,2023-04-25,9765.06,Accident,Rejected
1166,P900,2023-02-24,2605.40,Death,Approved
1167,P0538,2022-08-04,9775.43,Fire,Rejected
1168,P990,2022-01-24,2689.01,Accident,Approved
1169,P0062,2023-04-14,7184.34,Death,Rejected
1170,P0013,2022-12-22,9143.86,Fire,Approved
1171,P0015,2023-03-19,8531.73,Accident,Rejected
1172,P366,2022-08-25,5654.40,Death,Approved
1173,P622,2023-01-18,7994.95,Fire,Rejected
1174,P314,2022-06-18,2927.66,Accident,Approved
1175,P0548,2022-07-08,2349.36,Death,Rejected
1176,P0762,2022-11-09,2902.00,Fire,Approved
1177,P770,2022-06-22,8727.05,Accident,Rejected
1178,P0340,2022-09-10,9810.00,Death,Approved
1179,P856,2022-09-05,2169.30,Fire,Rejected
1180,P0298,2023-07-18,9674.28,Accident,Approved
1181,P0302,2023-03-30,6371.05,Death,Rejected
1182,P0293,2023-08-20,7478.76,Fire,Approved
1183,P0362,2023-03-03,5282.41,Accident,Rejected
1184,P632,2023-05-28,6666.25,Death,Approved
1185,P0736,2022-08-30,5674.79,Fire,Rejected
1186,P0388,2022-12-13,5994.82,Accident,Approved
1187,P0406,2022-03-03,4365.88,Death,Rejected
1188,P0086,2023-11-30,9410.21,Fire,Approved
1189,P805,2022-06-06,6938.11,Accident,Rejected
1190,P0658,2022-08-11,5973.16,Death,Approved
1191,P0242,2023-03-06,4523.77,Fire,Rejected
1192,P196,2023-08-05,4626.44,Accident,Approved
1193,P628,2023-10-24,6973.71,Death,Rejected
1194,P608,2022-01-03,2982.57,Fire,Approved
1195,P0367,2023-08-04,7315.26,Accident,Rejected
1196,P0412,2023-01-09,2691.40,Death,Approved
1197,P408,2022-12-03,1800.13,Fire,Rejected
1198,P0312,2022-02-02,1342.20,Accident,Approved
1199,P0120,2022-04-28,6772.71,Death,Rejected
1200,P0495,2023-05-20,3577.74,Fire,Approved
1201,P357,2023-11-13,6356.02,Accident,Rejected
1202,P172,2022-02-27,8882.94,Death,Approved
1203,P141,2022-03-04,1022.60,Fire,Rejected
1204,P0610,2023-07-11,5968.72,Accident,Approved
1205,P0925,2023-05-29,1887.72,Death,Rejected
1206,P384,2023-04-04,9862.18,Fire,Approved
1207,P040,2022-06-29,2006.05,Accident,Rejected
1208,P0714,2023-07-12,4204.95,Death,Approved
1209,P500,2022-10-11,5233.08,Fire,Rejected
1210,P0285,2023-01-10,1113.01,Accident,Approved
1211,P529,2023-02-24,3747.29,Death,Rejected
1212,P803,2022-03-13,1731.76,Fire,Approved
1213,P0251,2022-08-22,3364.03,Accident,Rejected
1214,P0510,2023-12-13,8365.12,Death,Approved
1215,P0538,2022-10-01,4381.11,Fire,Rejected
1216,P0610,2023-04-16,9630.11,Accident,Approved
1217,P863,2022-11-11,6119.07,Death,Rejected
1218,P558,2022-02-09,6512.65,Fire,Approved
1219,P0683,2023-05-04,6797.25,Accident,Rejected
1220,P213,2022-04-02,9938.50,Death,Approved
1221,P0197,2023-12-06,1554.16,Fire,Rejected
1222,P0664,2023-09-26,1993.49,Accident,Approved
1223,P0889,2022-10-21,2517.19,Death,Rejected
1224,P0353,2023-05-15,5550.73,Fire,Approved
1225,P482,2023-09-25,9094.58,Accident,Rejected
1226,P0138,2023-08-07,3696.97,Death,Approved
1227,P0673,2023-03-13,7203.74,Fire,Rejected
1228,P656,2022-05-29,1481.03,Accident,Approved
1229,P0027,2022-04-04,6981.68,Death,Rejected
1230,P0838,2023-06-03,7546.33,Fire,Approved
1231,P517,2022-09-15,3201.44,Accident,Rejected
1232,P161,2022-03-03,9364.16,Death,Approved
1233,P396,2022-05-16,7693.72,Fire,Rejected
1234,P0045,2023-02-27,4665.70,Accident,Approved
1235,P0921,2022-07-25,5525.08,Death,Rejected
1236,P0994,2023-09-11,3032.75,Fire,Approved
1237,P593,2022-07-02,5442.84,Accident,Rejected
1238,P722,2022-03-22,4543.20,Death,Approved
1239,P0697,2022-01-13,2499.54,Fire,Rejected
1240,P779,2022-10-26,7296.42,Accident,Approved
1241,P0022,2022-07-07,5226.51,Death,Rejected
1242,P585,2022-12-19,7117.66,Fire,Approved
1243,P0335,2023-06-03,7296.94,Accident,Rejected
1244,P368,2023-06-29,6578.49,Death,Approved
1245,P0654,2022-11-30,7261.86,Fire,Rejected
1246,P108,2022-11-25,9329.60,Accident,Approved
1247,P279,2023-03-28,3297.42,Death,Rejected
1248,P0708,2022-09-05,4894.60,Fire,Approved
1249,P0978,2022-11-13,7537.33,Accident,Rejected
1250,P0581,2022-12-20,4832.04,Death,Approved
1251,P674,2022-03-11,5055.52,Fire,Rejected
1252,P966,2022-12-26,5976.32,Accident,Approved
1253,P0338,2023-07-29,1606.50,Death,Rejected
1254,P972,2023-05-10,5159.30,Fire,Approved
1255,P0036,2023-12-29,2368.43,Accident,Rejected
1256,P0460,2022-10-19,7173.45,Death,Approved
1257,P229,2022-03-09,7928.60,Fire,Rejected
1258,P0131,2023-02-11,1604.50,Accident,Approved
1259,P0175,2022-03-26,6288.19,Death,Rejected
1260,P0835,2022-05-22,2733.37,Fire,Approved
1261,P0151,2022-09-05,5888.21,Accident,Rejected
1262,P702,2023-09-28,3256.26,Death,Approved
1263,P0776,2022-12-05,4519.06,Fire,Rejected
1264,P569,2023-04-13,5605.69,Accident,Approved
1265,P644,2023-04-27,4440.74,Death,Rejected
1266,P932,2023-01-10,7905.41,Fire,Approved
1267,P298,2022-05-20,1533.03,Accident,Rejected
1268,P0495,2022-11-16,1196.28,Death,Approved
1269,P793,2023-10-24,2310.48,Fire,Rejected
1270,P0486,2023-03-28,1538.85,Accident,Approved
1271,P449,2022-01-28,8725.24,Death,Rejected
1272,P179,2022-08-20,1470.55,Fire,Approved
1273,P310,2022-10-10,1062.21,Accident,Rejected
1274,P877,2022-09-15,2272.14,Death,Approved
1275,P0372,2023-08-17,2091.86,Fire,Rejected
1276,P0214,2022-12-16,9000.67,Accident,Approved
1277,P008,2022-09-30,8573.29,Death,Rejected
1278,P0239,2023-10-31,3845.55,Fire,Approved
1279,P833,2022-06-06,6164.83,Accident,Rejected
1280,P0265,2022-10-27,4356.84,Death,Approved
1281,P639,2022-02-05,4096.68,Fire,Rejected
1282,P0131,2023-09-02,5099.49,Accident,Approved
1283,P768,2022-12-26,2348.78,Death,Rejected
1284,P0768,2023-10-20,7216.40,Fire,Approved
1285,P0053,2023-05-22,2894.98,Accident,Rejected
1286,P968,2022-06-11,2755.42,Death,Approved
1287,P313,2023-12-10,9268.82,Fire,Rejected
1288,P682,2023-04-25,3109.21,Accident,Approved
1289,P0738,2022-08-15,9478.67,Death,Rejected
1290,P777,2022-02-25,1345.29,Fire,Approved
1291,P0267,2023-05-30,6698.97,Accident,Rejected
1292,P0038,2022-09-17,6594.66,Death,Approved
1293,P0736,2022-09-15,6701.00,Fire,Rejected
1294,P109,2023-04-15,9024.30,Accident,Approved
1295,P0646,2023-12-03,3016.71,Death,Rejected
1296,P0404,2023-01-10,8680.78,Fire,Approved
1297,P729,2022-03-01,3011.64,Accident,Rejected
1298,P0682,2023-05-20,8549.67,Death,Approved
1299,P119,2022-03-05,1659.23,Fire,Rejected
1300,P105,2022-08-11,2897.00,Accident,Approved
1301,P137,2022-02-13,8961.31,Death,Rejected
1302,P242,2023-02-14,1685.34,Fire,Approved
1303,P0477,2022-07-09,2872.36,Accident,Rejected
1304,P257,2023-05-07,6284.40,Death,Approved
1305,P918,2023-08-23,4198.46,Fire,Rejected
1306,P0560,2023-01-03,6197.97,Accident,Approved
1307,P375,2022-04-18,6479.05,Death,Rejected
1308,P0624,2022-05-14,1978.99,Fire,Approved
1309,P993,2023-04-20,3384.51,Accident,Rejected
1310,P373,2022-02-25,3328.09,Death,Approved
1311,P0196,2023-02-04,5865.62,Fire,Rejected
1312,P0312,2023-05-20,3390.80,Accident,Approved
1313,P0470,2022-12-20,6892.36,Death,Rejected
1314,P820,2022-04-07,2836.88,Fire,Approved
1315,P628,2023-01-04,6856.78,Accident,Rejected
1316,P0168,2023-07-05,5946.69,Death,Approved
1317,P490,2023-07-17,4601.93,Fire,Rejected
1318,P0358,2022-07-02,2593.81,Accident,Approved
1319,P136,2022-04-23,4252.40,Death,Rejected
1320,P0796,2023-04-07,2159.55,Fire,Approved
1321,P0979,2022-09-20,5949.02,Accident,Rejected
1322,P0994,2023-05-30,5614.11,Death,Approved
1323,P455,2023-05-28,2505.32,Fire,Rejected
1324,P0759,2022-04-17,5844.62,Accident,Approved
1325,P254,2023-04-29,5926.35,Death,Rejected
1326,P0918,2022-03-15,3302.76,Fire,Approved
1327,P0023,2022-04-02,7209.30,Accident,Rejected
1328,P072,2022-08-09,3569.32,Death,Approved
1329,P529,2023-07-06,2894.24,Fire,Rejected
1330,P0391,2022-08-06,2167.60,Accident,Approved
1331,P755,2022-10-14,7263.87,Death,Rejected
1332,P300,2022-10-31,2584.40,Fire,Approved
1333,P638,2023-04-12,3627.83,Accident,Rejected
1334,P0194,2023-09-11,6447.54,Death,Approved
1335,P0516,2023-03-13,5851.55,Fire,Rejected
1336,P0772,2023-10-18,8040.74,Accident,Approved
1337,P218,2023-06-22,1267.58,Death,Rejected
1338,P0922,2023-03-26,3306.39,Fire,Approved
1339,P439,2022-10-19,7286.86,Accident,Rejected
1340,P292,2022-09-27,9676.01,Death,Approved
1341,P0834,2023-05-12,3335.51,Fire,Rejected
1342,P0200,2022-12-31,7588.72,Accident,Approved
1343,P0424,2023-03-21,6039.12,Death,Rejected
1344,P0923,2022-05-19,1234.14,Fire,Approved
1345,P568,2023-06-17,9675.04,Accident,Rejected
1346,P0074,2022-07-09,4681.63,Death,Approved
1347,P0259,2022-03-14,7304.21,Fire,Rejected
1348,P206,2023-11-04,9932.92,Accident,Approved
1349,P200,2022-01-13,5419.88,Death,Rejected
1350,P0346,2023-01-29,5401.41,Fire,Approved
1351,P828,2023-05-04,8775.88,Accident,Rejected
1352,P314,2023-12-10,9232.29,Death,Approved
1353,P663,2023-02-18,8634.69,Fire,Rejected
1354,P0892,2022-04-26,2503.08,Accident,Approved
1355,P0129,2022-08-14,5109.80,Death,Rejected
1356,P356,2022-11-02,1201.17,Fire,Approved
1357,P854,2022-05-30,5129.10,Accident,Rejected
1358,P681,2022-01-21,1896.10,Death,Approved
1359,P417,2023-07-11,6202.19,Fire,Rejected
1360,P610,2022-07-18,5980.42,Accident,Approved
1361,P951,2022-03-18,6974.80,Death,Rejected
1362,P006,2022-01-28,2512.85,Fire,Approved
1363,P0136,2022-04-14,5707.98,Accident,Rejected
1364,P0966,2022-10-02,3791.72,Death,Approved
1365,P0989,2022-05-21,7222.13,Fire,Rejected
1366,P0572,2022-08-17,9393.70,Accident,Approved
1367,P727,2023-08-25,9498.71,Death,Rejected
1368,P250,2022-11-06,4267.08,Fire,Approved
1369,P0194,2023-04-10,5901.49,Accident,Rejected
1370,P0850,2022-11-20,7908.17,Death,Approved
1371,P0187,2022-06-29,7313.14,Fire,Rejected
1372,P765,2023-06-25,4530.30,Accident,Approved
1373,P0586,2023-01-25,4969.49,Death,Rejected
1374,P0874,2023-05-28,7241.37,Fire,Approved
1375,P0680,2023-06-19,6133.28,Accident,Rejected
1376,P659,2023-02-25,9145.12,Death,Approved
1377,P0621,2022-07-24,1010.95,Fire,Rejected
1378,P166,2023-08-31,6958.11,Accident,Approved
1379,P0713,2022-02-23,9353.24,Death,Rejected
1380,P0503,2022-08-29,4389.81,Fire,Approved
1381,P0853,2022-09-15,1647.20,Accident,Rejected
1382,P0938,2022-08-06,6251.17,Death,Approved
1383,P024,2022-09-21,7619.36,Fire,Rejected
1384,P0645,2023-07-20,1767.44,Accident,Approved
1385,P0254,2022-07-05,9672.67,Death,Rejected
1386,P056,2022-10-13,8092.48,Fire,Approved
1387,P762,2022-12-06,1236.36,Accident,Rejected
1388,P740,2023-03-20,8411.80,Death,Approved
1389,P296,2022-01-10,2562.07,Fire,Rejected
1390,P830,2023-04-04,6847.29,Accident,Approved
1391,P0558,2023-10-03,3606.87,Death,Rejected
1392,P0773,2022-06-07,6673.10,Fire,Approved
1393,P512,2023-03-31,6462.34,Accident,Rejected
1394,P164,2022-01-05,5813.61,Death,Approved
1395,P0715,2023-05-07,4605.47,Fire,Rejected
1396,P0883,2023-06-04,6470.34,Accident,Approved
1397,P0011,2023-05-30,8279.77,Death,Rejected
1398,P0065,2022-06-08,3682.24,Fire,Approved
1399,P0379,2022-08-11,1025.79,Accident,Rejected
1400,P101,2022-12-29,2642.35,Death,Approved
1401,P0708,2023-02-11,5692.01,Fire,Rejected
1402,P0111,2022-03-27,8017.61,Accident,Approved
1403,P0534,2022-10-11,3724.21,Death,Rejected
1404,P0406,2023-09-08,2461.37,Fire,Approved
1405,P283,2023-11-13,8356.07,Accident,Rejected
1406,P0121,2023-12-11,1028.77,Death,Approved
1407,P0254,2022-12-30,2687.83,Fire,Rejected
1408,P448,2023-04-19,9249.65,Accident,Approved
1409,P0401,2022-11-14,3400.54,Death,Rejected
1410,P027,2022-09-01,6302.60,Fire,Approved
1411,P0795,2023-11-27,9393.17,Accident,Rejected
1412,P0188,2022-06-12,7283.87,Death,Approved
1413,P825,2022-01-23,7093.96,Fire,Rejected
1414,P293,2022-11-18,3851.98,Accident,Approved
1415,P0216,2022-09-30,1621.94,Death,Rejected
1416,P0029,2023-11-11,9751.88,Fire,Approved
1417,P0279,2022-11-08,9358.08,Accident,Rejected
1418,P0680,2022-01-19,1345.94,Death,Approved
1419,P0446,2022-12-10,1007.15,Fire,Rejected
1420,P601,2023-12-03,1231.69,Accident,Approved
1421,P246,2022-04-24,1342.41,Death,Rejected
1422,P0703,2023-01-03,4137.07,Fire,Approved
1423,P230,2022-03-22,8720.38,Accident,Rejected
1424,P0563,2022-06-09,2929.62,Death,Approved
1425,P0965,2022-11-24,9919.26,Fire,Rejected
1426,P614,2022-02-16,5441.27,Accident,Approved
1427,P278,2023-10-28,7481.41,Death,Rejected
1428,P870,2022-05-11,3598.58,Fire,Approved
1429,P0822,2023-05-09,6888.57,Accident,Rejected
1430,P243,2022-07-06,5923.73,Death,Approved
1431,P966,2022-05-27,1906.87,Fire,Rejected
1432,P0443,2022-05-25,3609.13,Accident,Approved
1433,P0603,2022-10-25,5245.11,Death,Rejected
1434,P0754,2022-07-11,9162.06,Fire,Approved
1435,P748,2022-01-09,8347.05,Accident,Rejected
1436,P0233,2023-08-03,8388.39,Death,Approved
1437,P0386,2022-04-28,6701.20,Fire,Rejected
1438,P682,2023-01-09,5609.25,Accident,Approved
1439,P026,2023-03-06,8807.93,Death,Rejected
1440,P0635,2022-07-08,6184.50,Fire,Approved
1441,P105,2023-08-04,6945.84,Accident,Rejected
1442,P919,2023-03-22,3685.85,Death,Approved
1443,P0952,2022-10-22,1330.00,Fire,Rejected
1444,P0923,2023-07-09,8882.27,Accident,Approved
1445,P100,2023-10-01,1671.74,Death,Rejected
1446,P0294,2023-01-10,3918.19,Fire,Approved
1447,P0033,2022-11-13,9317.85,Accident,Rejected
1448,P322,2023-08-28,2637.31,Death,Approved
1449,P0716,2023-02-24,6403.05,Fire,Rejected
1450,P278,2023-03-07,2036.32,Accident,Approved
1451,P808,2023-05-15,1023.53,Death,Rejected
1452,P959,2023-08-05,1901.33,Fire,Approved
1453,P0222,2022-07-06,9470.90,Accident,Rejected
1454,P0922,2023-10-07,6336.40,Death,Approved
1455,P0647,2023-08-02,1197.98,Fire,Rejected
1456,P731,2023-03-06,7755.36,Accident,Approved
1457,P0807,2023-05-14,5083.01,Death,Rejected
1458,P221,2023-06-23,1246.62,Fire,Approved
1459,P0950,2023-02-01,9488.24,Accident,Rejected
1460,P082,2023-03-09,7400.47,Death,Approved
1461,P774,2023-07-03,4855.09,Fire,Rejected
1462,P0435,2022-04-16,1594.47,Accident,Approved
1463,P0801,2022-07-25,7470.55,Death,Rejected
1464,P0289,2023-03-12,7593.31,Fire,Approved
1465,P0682,2022-04-29,2759.72,Accident,Rejected
1466,P498,2023-09-25,8758.70,Death,Approved
1467,P713,2023-12-05,7183.75,Fire,Rejected
1468,P0534,2023-05-01,7215.18,Accident,Approved
1469,P464,2022-06-05,7252.98,Death,Rejected
1470,P836,2022-03-06,9428.35,Fire,Approved
1471,P0965,2022-07-26,2437.26,Accident,Rejected
1472,P947,2022-07-15,5415.81,Death,Approved
1473,P0296,2023-07-22,9458.56,Fire,Rejected
1474,P0558,2022-01-06,9458.23,Accident,Approved
1475,P0667,2023-02-19,8277.51,Death,Rejected
1476,P337,2022-07-14,3828.85,Fire,Approved
1477,P770,2023-11-08,3815.15,Accident,Rejected
1478,P781,2023-12-15,5832.78,Death,Approved
1479,P0053,2022-04-23,5613.31,Fire,Rejected
1480,P099,2023-12-04,5579.69,Accident,Approved
1481,P0466,2023-07-16,8816.13,Death,Rejected
1482,P0102,2023-02-19,7638.36,Fire,Approved
1483,P0883,2023-05-28,6033.41,Accident,Rejected
1484,P692,2023-07-24,8436.85,Death,Approved
1485,P0020,2022-12-14,1045.96,Fire,Rejected
1486,P608,2023-12-16,1882.06,Accident,Approved
1487,P560,2022-12-11,7324.16,Death,Rejected
1488,P093,2022-09-29,6117.34,Fire,Approved
1489,P0136,2023-11-18,5634.49,Accident,Rejected
1490,P0053,2022-06-10,8591.23,Death,Approved
1491,P0049,2022-07-01,6167.25,Fire,Rejected
1492,P0828,2023-10-25,2417.13,Accident,Approved
1493,P0304,2023-09-19,1854.26,Death,Rejected
1494,P899,2022-06-01,4078.48,Fire,Approved
1495,P0882,2022-10-29,8213.47,Accident,Rejected
1496,P765,2022-11-16,8958.60,Death,Approved
1497,P0237,2023-10-09,1924.24,Fire,Rejected
1498,P0390,2023-12-19,4057.35,Accident,Approved
1499,P0224,2023-06-18,4633.36,Death,Rejected
1500,P827,2023-11-04,2120.23,Fire,Approved
1501,P861,2023-11-09,1517.49,Accident,Rejected
1502,P514,2022-09-13,3152.98,Death,Approved
1503,P0985,2022-01-03,6265.94,Fire,Rejected
1504,P0010,2023-08-21,4145.11,Accident,Approved
1505,P0430,2022-10-24,2428.34,Death,Rejected
1506,P0489,2022-10-17,3349.25,Fire,Approved
1507,P0359,2023-07-30,6374.90,Accident,Rejected
1508,P0482,2022-08-21,7562.35,Death,Approved
1509,P690,2022-07-05,2865.50,Fire,Rejected
1510,P0775,2023-06-27,9056.83,Accident,Approved
1511,P0206,2023-02-08,1177.92,Death,Rejected
1512,P0063,2022-04-18,4699.19,Fire,Approved
1513,P621,2023-09-04,4131.51,Accident,Rejected
1514,P0902,2022-03-02,7642.38,Death,Approved
1515,P0094,2023-12-28,6839.52,Fire,Rejected
1516,P258,2022-09-14,9817.25,Accident,Approved
1517,P844,2022-07-22,8712.95,Death,Rejected
1518,P0215,2023-05-22,1970.46,Fire,Approved
1519,P0181,2023-12-12,5387.09,Accident,Rejected
1520,P527,2022-04-04,1764.63,Death,Approved
1521,P0576,2023-11-26,6719.22,Fire,Rejected
1522,P0894,2023-05-28,5892.72,Accident,Approved
1523,P0975,2022-11-14,3998.95,Death,Rejected
1524,P0680,2023-08-17,9812.64,Fire,Approved
1525,P461,2022-09-06,4039.90,Accident,Rejected
1526,P666,2022-08-19,6250.55,Death,Approved
1527,P0849,2022-03-08,5966.65,Fire,Rejected
1528,P492,2023-07-17,4567.43,Accident,Approved
1529,P0286,2022-05-01,8294.97,Death,Rejected
1530,P0859,2022-09-23,2276.79,Fire,Approved
1531,P624,2023-04-30,5179.01,Accident,Rejected
1532,P0046,2022-07-11,3847.56,Death,Approved
1533,P0848,2022-01-24,7971.80,Fire,Rejected
1534,P771,2023-02-07,4860.09,Accident,Approved
1535,P502,2022-05-08,4568.74,Death,Rejected
1536,P0201,2022-03-17,2276.48,Fire,Approved
1537,P0914,2023-02-19,6762.27,Accident,Rejected
1538,P0088,2023-02-26,4517.13,Death,Approved
1539,P221,2023-11-08,9789.27,Fire,Rejected
1540,P101,2023-02-25,6178.85,Accident,Approved
1541,P147,2022-01-17,6997.81,Death,Rejected
1542,P0071,2022-08-17,7995.90,Fire,Approved
1543,P0869,2022-10-25,2730.75,Accident,Rejected
1544,P0459,2022-04-01,4570.80,Death,Approved
1545,P620,2023-10-03,5933.84,Fire,Rejected
1546,P0237,2023-10-15,2295.86,Accident,Approved
1547,P0272,2023-07-15,7454.76,Death,Rejected
1548,P0491,2022-07-15,5392.30,Fire,Approved
1549,P641,2023-06-08,7105.56,Accident,Rejected
1550,P238,2022-04-29,1853.11,Death,Approved
1551,P982,2023-04-16,3398.61,Fire,Rejected
1552,P399,2022-05-20,7855.18,Accident,Approved
1553,P0533,2023-10-11,7652.13,Death,Rejected
1554,P0249,2023-11-11,6080.31,Fire,Approved
1555,P030,2022-12-01,2817.57,Accident,Rejected
1556,P0522,2023-02-16,9237.37,Death,Approved
1557,P0435,2023-05-16,7915.00,Fire,Rejected
1558,P0391,2023-03-31,7791.28,Accident,Approved
1559,P906,2022-07-15,6597.17,Death,Rejected
1560,P0089,2023-04-26,4409.39,Fire,Approved
1561,P0760,2022-11-28,5627.35,Accident,Rejected
1562,P0246,2023-01-05,9134.25,Death,Approved
1563,P999,2022-07-27,4801.37,Fire,Rejected
1564,P0113,2022-01-25,4485.20,Accident,Approved
1565,P838,2022-01-13,6178.57,Death,Rejected
1566,P0321,2022-10-28,6185.24,Fire,Approved
1567,P0570,2022-12-30,5997.91,Accident,Rejected
1568,P281,2023-06-27,8831.07,Death,Approved
1569,P0293,2023-12-29,6542.27,Fire,Rejected
1570,P0367,2023-03-21,7942.54,Accident,Approved
1571,P0249,2023-09-02,1762.25,Death,Rejected
1572,P920,2022-09-06,9531.05,Fire,Approved
1573,P0505,2023-06-24,5903.29,Accident,Rejected
1574,P518,2023-10-22,9924.99,Death,Approved
1575,P0640,2022-07-20,6610.30,Fire,Rejected
1576,P292,2023-03-11,1849.55,Accident,Approved
1577,P689,2022-04-25,7485.81,Death,Rejected
1578,P0525,2023-01-01,1926.83,Fire,Approved
1579,P0134,2023-07-13,8029.27,Accident,Rejected
1580,P0625,2023-05-31,7317.19,Death,Approved
1581,P0360,2023-09-11,1584.76,Fire,Rejected
1582,P780,2023-06-09,3216.65,Accident,Approved
1583,P0661,2023-04-09,9543.15,Death,Rejected
1584,P843,2022-09-23,3602.43,Fire,Approved
1585,P0803,2023-10-30,5529.43,Accident,Rejected
1586,P0659,2022-09-16,5088.96,Death,Approved
1587,P0149,2023-05-09,7822.28,Fire,Rejected
1588,P0262,2023-01-24,4380.43,Accident,Approved
1589,P0665,2022-07-28,6232.73,Death,Rejected
1590,P048,2023-01-04,4346.84,Fire,Approved
1591,P347,2023-03-28,1463.44,Accident,Rejected
1592,P0346,2023-09-18,1710.94,Death,Approved
1593,P824,2023-10-05,9362.11,Fire,Rejected
1594,P0169,2022-06-27,2773.09,Accident,Approved
1595,P0200,2023-05-18,7070.75,Death,Rejected
1596,P0393,2023-01-10,6786.37,Fire,Approved
1597,P0480,2022-11-25,2999.10,Accident,Rejected
1598,P0262,2022-04-12,4695.83,Death,Approved
1599,P0401,2023-11-27,8690.83,Fire,Rejected
1600,P0694,2023-01-03,3479.19,Accident,Approved
1601,P871,2023-01-11,9682.40,Death,Rejected
1602,P0665,2023-01-13,7653.94,Fire,Approved
1603,P143,2023-01-05,1890.33,Accident,Rejected
1604,P970,2023-02-24,9569.90,Death,Approved
1605,P0097,2022-08-24,5552.79,Fire,Rejected
1606,P0349,2022-07-30,7835.87,Accident,Approved
1607,P932,2022-10-05,1943.99,Death,Rejected
1608,P383,2023-03-20,8951.17,Fire,Approved
1609,P603,2022-08-27,8605.70,Accident,Rejected
1610,P0468,2023-05-25,7774.63,Death,Approved
1611,P668,2022-03-01,4616.66,Fire,Rejected
1612,P0012,2023-04-01,8417.50,Accident,Approved
1613,P247,2023-07-13,1750.02,Death,Rejected
1614,P0293,2022-09-17,4729.31,Fire,Approved
1615,P0365,2023-07-26,9093.84,Accident,Rejected
1616,P146,2022-01-30,7815.92,Death,Approved
1617,P667,2022-02-14,3739.65,Fire,Rejected
1618,P339,2023-07-27,9142.45,Accident,Approved
1619,P0204,2022-04-08,2425.60,Death,Rejected
1620,P392,2022-12-20,3201.50,Fire,Approved
1621,P0460,2022-03-30,3628.94,Accident,Rejected
1622,P096,2023-03-23,7874.66,Death,Approved
1623,P981,2023-04-09,2991.20,Fire,Rejected
1624,P0198,2022-09-02,1680.59,Accident,Approved
1625,P372,2023-04-12,1684.88,Death,Rejected
1626,P0916,2022-03-05,1414.81,Fire,Approved
1627,P967,2023-06-01,6692.97,Accident,Rejected
1628,P039,2022-08-04,4237.94,Death,Approved
1629,P0995,2022-12-23,7325.31,Fire,Rejected
1630,P0858,2022-04-06,5600.02,Accident,Approved
1631,P160,2022-07-24,9217.95,Death,Rejected
1632,P0318,2023-10-08,3235.58,Fire,Approved
1633,P598,2022-05-24,2961.82,Accident,Rejected
1634,P0088,2023-09-10,7585.10,Death,Approved
1635,P0955,2022-10-20,6839.13,Fire,Rejected
1636,P0272,2022-07-05,2332.89,Accident,Approved
1637,P0238,2022-11-28,3974.93,Death,Rejected
1638,P0430,2022-12-05,5006.36,Fire,Approved
1639,P836,2023-09-04,7185.90,Accident,Rejected
1640,P0154,2023-02-03,9700.09,Death,Approved
1641,P196,2022-02-22,7988.30,Fire,Rejected
1642,P667,2022-01-03,1161.38,Accident,Approved
1643,P0300,2022-09-07,5226.33,Death,Rejected
1644,P0588,2022-06-04,1749.51,Fire,Approved
1645,P781,2023-05-02,9849.68,Accident,Rejected
1646,P918,2023-04-08,4737.36,Death,Approved
1647,P178,2023-04-13,7047.78,Fire,Rejected
1648,P0547,2022-05-06,5913.27,Accident,Approved
1649,P216,2022-11-14,5771.37,Death,Rejected
1650,P346,2022-04-14,7051.60,Fire,Approved
1651,P0852,2023-04-25,5300.95,Accident,Rejected
1652,P425,2023-05-03,1682.44,Death,Approved
1653,P377,2023-04-27,2469.81,Fire,Rejected
1654,P0379,2023-06-01,1158.93,Accident,Approved
1655,P0939,2023-07-24,1029.32,Death,Rejected
1656,P0539,2022-09-21,8054.61,Fire,Approved
1657,P837,2023-08-26,6577.08,Accident,Rejected
1658,P628,2022-07-06,4691.84,Death,Approved
1659,P0451,2022-05-17,1766.14,Fire,Rejected
1660,P0898,2022-02-17,7611.52,Accident,Approved
1661,P0631,2022-05-12,5236.13,Death,Rejected
1662,P815,2023-04-21,8379.58,Fire,Approved
1663,P143,2022-07-13,8991.16,Accident,Rejected
1664,P649,2023-02-18,9044.25,Death,Approved
1665,P767,2022-05-03,5778.54,Fire,Rejected
1666,P148,2022-04-26,4088.66,Accident,Approved
1667,P238,2022-05-03,2072.50,Death,Rejected
1668,P090,2022-03-21,3406.34,Fire,Approved
1669,P009,2022-06-24,2549.59,Accident,Rejected
1670,P141,2022-05-24,5995.81,Death,Approved
1671,P187,2022-07-12,7826.20,Fire,Rejected
1672,P0655,2023-06-25,7208.86,Accident,Approved
1673,P229,2022-02-28,7401.76,Death,Rejected
1674,P317,2022-11-21,3501.38,Fire,Approved
1675,P054,2022-11-17,1262.82,Accident,Rejected
1676,P0331,2022-02-17,8488.54,Death,Approved
1677,P0909,2022-09-02,7987.14,Fire,Rejected
1678,P0571,2022-02-09,6780.81,Accident,Approved
1679,P0233,2022-08-17,4812.24,Death,Rejected
1680,P178,2023-03-26,5897.23,Fire,Approved
1681,P0463,2023-06-28,1848.08,Accident,Rejected
1682,P0478,2023-10-29,8620.77,Death,Approved
1683,P0530,2023-11-15,2763.32,Fire,Rejected
1684,P0508,2022-07-13,8305.14,Accident,Approved
1685,P264,2023-10-10,6801.13,Death,Rejected
1686,P567,2023-09-25,6851.50,Fire,Approved
1687,P655,2022-08-17,6489.23,Accident,Rejected
1688,P0868,2023-06-05,3147.96,Death,Approved
1689,P0585,2023-02-12,6627.53,Fire,Rejected
1690,P459,2022-10-10,6207.42,Accident,Approved
1691,P731,2023-11-03,4650.46,Death,Rejected
1692,P268,2022-04-03,8436.71,Fire,Approved
1693,P0771,2022-07-25,2373.99,Accident,Rejected
1694,P0723,2022-04-06,9127.95,Death,Approved
1695,P0293,2023-10-18,2138.10,Fire,Rejected
1696,P0743,2022-08-14,7593.29,Accident,Approved
1697,P0093,2022-12-17,2734.39,Death,Rejected
1698,P0601,2022-01-31,6732.31,Fire,Approved
1699,P059,2022-10-09,7756.03,Accident,Rejected
1700,P0645,2023-06-17,8710.01,Death,Approved
1701,P094,2023-10-27,3387.92,Fire,Rejected
1702,P0132,2022-05-09,1863.44,Accident,Approved
1703,P950,2022-12-12,5601.70,Death,Rejected
1704,P134,2022-04-16,3822.74,Fire,Approved
1705,P134,2023-06-24,3573.75,Accident,Rejected
1706,P215,2022-06-03,4685.95,Death,Approved
1707,P423,2023-09-20,1384.38,Fire,Rejected
1708,P642,2022-02-09,4229.53,Accident,Approved
1709,P639,2022-03-08,5984.09,Death,Rejected
1710,P0281,2023-08-23,6530.18,Fire,Approved
1711,P0625,2022-06-01,2844.28,Accident,Rejected
1712,P406,2022-10-21,8227.63,Death,Approved
1713,P0599,2023-04-03,7414.72,Fire,Rejected
1714,P0416,2022-07-22,4031.83,Accident,Approved
1715,P0934,2022-07-04,7348.99,Death,Rejected
1716,P0068,2023-06-17,4060.13,Fire,Approved
1717,P0857,2023-01-28,2387.39,Accident,Rejected
1718,P0774,2022-08-26,2367.74,Death,Approved
1719,P783,2022-12-10,9960.06,Fire,Rejected
1720,P573,2023-09-12,5875.84,Accident,Approved
1721,P160,2022-05-19,5145.69,Death,Rejected
1722,P0521,2022-07-27,3007.20,Fire,Approved
1723,P260,2023-04-11,4642.74,Accident,Rejected
1724,P0855,2022-09-04,4224.60,Death,Approved
1725,P0124,2023-08-17,7614.19,Fire,Rejected
1726,P232,2023-12-05,2071.01,Accident,Approved
1727,P705,2022-04-25,7097.53,Death,Rejected
1728,P916,2023-02-04,9884.93,Fire,Approved
1729,P0158,2023-01-11,7161.27,Accident,Rejected
1730,P0948,2022-09-14,2008.32,Death,Approved
1731,P518,2022-05-27,5311.74,Fire,Rejected
1732,P794,2023-01-28,3714.73,Accident,Approved
1733,P0853,2023-02-26,2761.69,Death,Rejected
1734,P0206,2023-04-21,5637.36,Fire,Approved
1735,P627,2023-02-13,9423.41,Accident,Rejected
1736,P001,2022-05-21,9663.83,Death,Approved
1737,P234,2022-07-31,7674.26,Fire,Rejected
1738,P840,2023-12-10,4017.80,Accident,Approved
1739,P0928,2023-08-22,8218.71,Death,Rejected
1740,P558,2022-09-16,2016.43,Fire,Approved
1741,P513,2022-05-10,4409.34,Accident,Rejected
1742,P0901,2023-05-03,3303.17,Death,Approved
1743,P0036,2023-03-25,3201.64,Fire,Rejected
1744,P378,2022-04-27,6945.87,Accident,Approved
1745,P825,2022-04-16,3224.86,Death,Rejected
1746,P0337,2022-07-16,9450.31,Fire,Approved
1747,P889,2023-03-29,4953.79,Accident,Rejected
1748,P0633,2022-09-20,8144.77,Death,Approved
1749,P891,2022-02-15,6829.33,Fire,Rejected
1750,P048,2022-08-12,4437.26,Accident,Approved
1751,P989,2023-08-13,1589.23,Death,Rejected
1752,P904,2022-08-28,9332.43,Fire,Approved
1753,P0816,2022-11-22,3685.00,Accident,Rejected
1754,P0689,2023-09-24,8824.07,Death,Approved
1755,P753,2022-04-20,5431.02,Fire,Rejected
1756,P0860,2023-03-08,9231.83,Accident,Approved
1757,P800,2022-07-06,8909.20,Death,Rejected
1758,P633,2022-12-30,6476.28,Fire,Approved
1759,P0026,2023-11-03,9554.31,Accident,Rejected
1760,P992,2022-03-28,6485.39,Death,Approved
1761,P0109,2023-04-09,1865.03,Fire,Rejected
1762,P581,2023-03-09,3096.84,Accident,Approved
1763,P387,2022-06-26,1391.58,Death,Rejected
1764,P503,2022-09-01,2712.05,Fire,Approved
1765,P0335,2022-05-11,1391.02,Accident,Rejected
1766,P0788,2022-07-22,4056.12,Death,Approved
1767,P870,2022-08-21,9932.07,Fire,Rejected
1768,P0365,2022-02-05,3050.21,Accident,Approved
1769,P991,2022-07-25,4851.04,Death,Rejected
1770,P0549,2022-05-22,1727.32,Fire,Approved
1771,P0364,2023-10-02,9208.00,Accident,Rejected
1772,P931,2023-10-29,8001.86,Death,Approved
1773,P0933,2022-10-29,6533.27,Fire,Rejected
1774,P0004,2022-09-04,2610.97,Accident,Approved
1775,P0881,2023-09-30,7479.31,Death,Rejected
1776,P0238,2023-06-25,7848.27,Fire,Approved
1777,P591,2023-04-11,4920.41,Accident,Rejected
1778,P0259,2022-01-15,3729.76,Death,Approved
1779,P464,2022-10-01,5529.98,Fire,Rejected
1780,P392,2022-11-26,1694.46,Accident,Approved
1781,P032,2023-11-15,6247.56,Death,Rejected
1782,P105,2023-07-20,6054.23,Fire,Approved
1783,P0350,2023-06-15,2654.26,Accident,Rejected
1784,P744,2022-04-22,5876.72,Death,Approved
1785,P249,2023-04-04,4472.18,Fire,Rejected
1786,P0554,2022-02-24,3102.75,Accident,Approved
1787,P943,2022-01-16,3471.64,Death,Rejected
1788,P309,2023-06-08,6956.96,Fire,Approved
1789,P0774,2023-08-09,5822.51,Accident,Rejected
1790,P0471,2023-07-12,9963.15,Death,Approved
1791,P689,2022-11-28,2844.04,Fire,Rejected
1792,P664,2023-05-25,5518.09,Accident,Approved
1793,P0076,2023-02-25,6657.96,Death,Rejected
1794,P422,2022-05-25,7648.37,Fire,Approved
1795,P100,2022-07-27,2104.41,Accident,Rejected
1796,P757,2022-11-11,8846.82,Death,Approved
1797,P0279,2023-06-16,4926.35,Fire,Rejected
1798,P994,2023-05-04,4243.85,Accident,Approved
1799,P0866,2023-10-10,1496.94,Death,Rejected
1800,P621,2023-10-24,7171.50,Fire,Approved
1801,P716,2023-01-01,4302.35,Accident,Rejected
1802,P0449,2023-02-19,8557.61,Death,Approved
1803,P505,2023-11-26,3445.28,Fire,Rejected
1804,P0815,2023-06-07,1567.24,Accident,Approved
1805,P0538,2023-04-13,7356.46,Death,Rejected
1806,P0450,2023-11-07,8201.39,Fire,Approved
1807,P225,2023-06-13,9486.42,Accident,Rejected
1808,P551,2023-10-14,8476.59,Death,Approved
1809,P0072,2023-10-09,9993.95,Fire,Rejected
1810,P0231,2023-06-01,5647.83,Accident,Approved
1811,P466,2023-06-26,3990.05,Death,Rejected
1812,P443,2022-05-19,6712.30,Fire,Approved
1813,P613,2022-04-01,8252.63,Accident,Rejected
1814,P0715,2023-09-20,3978.54,Death,Approved
1815,P074,2022-10-12,7462.40,Fire,Rejected
1816,P0171,2023-11-28,5571.69,Accident,Approved
1817,P676,2023-09-17,3250.45,Death,Rejected
1818,P683,2023-05-03,3600.16,Fire,Approved
1819,P0765,2022-09-03,4250.35,Accident,Rejected
1820,P0005,2023-10-16,1824.01,Death,Approved
1821,P767,2023-02-26,6161.63,Fire,Rejected
1822,P135,2023-12-05,4682.30,Accident,Approved
1823,P0454,2023-01-31,3219.73,Death,Rejected
1824,P0278,2022-08-09,7156.03,Fire,Approved
1825,P0820,2023-01-16,1550.15,Accident,Rejected
1826,P746,2023-01-22,4798.80,Death,Approved
1827,P0235,2022-09-02,2050.20,Fire,Rejected
1828,P582,2023-01-25,9448.20,Accident,Approved
1829,P088,2023-04-16,9501.02,Death,Rejected
1830,P789,2022-03-28,2980.42,Fire,Approved
1831,P0670,2022-02-19,1906.12,Accident,Rejected
1832,P300,2022-05-29,2017.97,Death,Approved
1833,P954,2022-11-17,3972.69,Fire,Rejected
1834,P0581,2023-05-07,4329.66,Accident,Approved
1835,P829,2022-01-25,7110.16,Death,Rejected
1836,P294,2022-11-19,3912.09,Fire,Approved
1837,P0455,2022-12-21,5992.48,Accident,Rejected
1838,P318,2023-11-02,6771.98,Death,Approved
1839,P459,2022-09-04,3961.85,Fire,Rejected
1840,P0522,2022-05-14,1104.14,Accident,Approved
1841,P0013,2023-01-11,1361.47,Death,Rejected
1842,P0466,2022-05-09,9105.51,Fire,Approved
1843,P972,2022-05-11,9680.83,Accident,Rejected
1844,P286,2023-01-31,8617.89,Death,Approved
1845,P0415,2022-12-31,7048.84,Fire,Rejected
1846,P0654,2022-08-08,9224.38,Accident,Approved
1847,P667,2023-03-09,9631.59,Death,Rejected
1848,P022,2022-06-12,1468.63,Fire,Approved
1849,P0003,2023-08-15,3437.98,Accident,Rejected
1850,P0383,2023-08-13,3385.47,Death,Approved
1851,P0772,2023-06-10,9012.13,Fire,Rejected
1852,P0455,2023-07-29,1562.50,Accident,Approved
1853,P0561,2023-02-15,9672.19,Death,Rejected
1854,P128,2023-07-07,4587.83,Fire,Approved
1855,P0092,2022-10-25,8877.23,Accident,Rejected
1856,P0454,2022-04-15,3307.37,Death,Approved
1857,P851,2022-12-21,8904.19,Fire,Rejected
1858,P0078,2022-01-20,4036.17,Accident,Approved
1859,P0287,2022-01-14,3480.57,Death,Rejected
1860,P0894,2023-07-25,9469.06,Fire,Approved
1861,P358,2023-12-20,8549.46,Accident,Rejected
1862,P239,2023-05-15,7292.19,Death,Approved
1863,P0791,2022-03-31,3539.62,Fire,Rejected
1864,P0320,2022-09-24,7280.29,Accident,Approved
1865,P395,2023-10-03,2853.59,Death,Rejected
1866,P0993,2022-09-24,6719.60,Fire,Approved
1867,P0843,2023-01-04,3520.80,Accident,Rejected
1868,P0982,2023-02-28,3234.90,Death,Approved
1869,P0305,2023-07-10,3730.36,Fire,Rejected
1870,P0712,2022-07-04,6086.70,Accident,Approved
1871,P066,2023-04-17,1216.19,Death,Rejected
1872,P184,2023-09-07,6953.94,Fire,Approved
1873,P779,2023-11-06,3478.32,Accident,Rejected
1874,P0678,2022-05-24,2509.38,Death,Approved
1875,P0640,2023-06-29,9835.38,Fire,Rejected
1876,P670,2022-10-22,1077.21,Accident,Approved
1877,P0787,2022-04-09,2621.35,Death,Rejected
1878,P506,2023-11-13,2623.49,Fire,Approved
1879,P103,2023-12-14,6103.07,Accident,Rejected
1880,P909,2023-09-08,5410.93,Death,Approved
1881,P0205,2022-04-07,9091.50,Fire,Rejected
1882,P098,2023-08-06,7225.16,Accident,Approved
1883,P063,2022-07-03,1542.31,Death,Rejected
1884,P0731,2023-02-12,2305.83,Fire,Approved
1885,P052,2023-08-28,9823.69,Accident,Rejected
1886,P424,2022-04-23,5638.19,Death,Approved
1887,P0620,2022-01-15,7815.70,Fire,Rejected
1888,P729,2022-09-28,7024.63,Accident,Approved
1889,P232,2022-04-28,1946.20,Death,Rejected
1890,P0039,2023-10-14,4031.28,Fire,Approved
1891,P0837,2022-01-19,1954.74,Accident,Rejected
1892,P0956,2023-11-26,4534.69,Death,Approved
1893,P0222,2022-10-03,5997.29,Fire,Rejected
1894,P0776,2023-02-05,8346.33,Accident,Approved
1895,P439,2023-06-12,3779.63,Death,Rejected
1896,P377,2023-12-02,7019.31,Fire,Approved
1897,P472,2022-08-16,2495.21,Accident,Rejected
1898,P898,2023-12-20,3095.47,Death,Approved
1899,P211,2022-09-16,2266.90,Fire,Rejected
1900,P0802,2023-07-23,9774.22,Accident,Approved
1901,P544,2023-07-10,2731.43,Death,Rejected
1902,P0904,2023-08-23,1610.79,Fire,Approved
1903,P0463,2022-05-06,3114.89,Accident,Rejected
1904,P661,2023-03-06,9699.37,Death,Approved
1905,P0875,2022-11-16,9847.47,Fire,Rejected
1906,P0261,2022-02-22,5914.94,Accident,Approved
1907,P524,2023-11-17,2313.09,Death,Rejected
1908,P914,2022-04-08,9343.65,Fire,Approved
1909,P0734,2022-10-09,3039.04,Accident,Rejected
1910,P973,2022-05-30,1844.25,Death,Approved
1911,P854,2023-12-24,4485.89,Fire,Rejected
1912,P0939,2023-05-05,5076.78,Accident,Approved
1913,P0808,2023-10-25,8023.12,Death,Rejected
1914,P178,2023-02-03,2776.34,Fire,Approved
1915,P0244,2022-04-23,7482.75,Accident,Rejected
1916,P140,2023-02-01,3658.58,Death,Approved
1917,P847,2022-09-09,2652.10,Fire,Rejected
1918,P888,2023-09-30,7386.77,Accident,Approved
1919,P0258,2023-01-16,8335.02,Death,Rejected
1920,P521,2022-03-26,1358.52,Fire,Approved
1921,P0327,2022-04-19,2636.14,Accident,Rejected
1922,P472,2023-07-18,5211.31,Death,Approved
1923,P026,2023-06-10,5729.03,Fire,Rejected
1924,P0829,2023-07-10,4616.75,Accident,Approved
1925,P0210,2022-11-09,9656.55,Death,Rejected
1926,P0601,2023-06-20,1871.46,Fire,Approved
1927,P282,2022-04-02,7989.97,Accident,Rejected
1928,P518,2022-06-02,5668.34,Death,Approved
1929,P966,2022-07-29,5738.11,Fire,Rejected
1930,P769,2022-07-28,2003.80,Accident,Approved
1931,P0127,2022-04-28,7374.95,Death,Rejected
1932,P0420,2022-05-02,6893.04,Fire,Approved
1933,P773,2023-11-01,3319.50,Accident,Rejected
1934,P543,2023-10-27,9447.82,Death,Approved
1935,P0267,2022-01-04,2199.02,Fire,Rejected
1936,P653,2023-09-15,3830.46,Accident,Approved
1937,P014,2022-03-29,6063.44,Death,Rejected
1938,P459,2023-02-24,5652.37,Fire,Approved
1939,P0009,2023-07-01,2476.56,Accident,Rejected
1940,P0311,2022-10-03,2510.58,Death,Approved
1941,P0315,2022-01-17,9979.23,Fire,Rejected
1942,P922,2023-03-21,3553.01,Accident,Approved
1943,P0906,2022-03-19,7801.91,Death,Rejected
1944,P0373,2022-01-28,8221.58,Fire,Approved
1945,P0683,2022-03-13,8074.61,Accident,Rejected
1946,P0401,2023-08-27,2986.45,Death,Approved
1947,P631,2022-12-03,4901.29,Fire,Rejected
1948,P780,2023-03-24,7469.27,Accident,Approved
1949,P0082,2023-03-24,8206.92,Death,Rejected
1950,P0410,2022-11-11,6883.36,Fire,Approved
1951,P972,2023-11-04,7082.16,Accident,Rejected
1952,P0769,2022-02-08,4721.87,Death,Approved
1953,P911,2022-08-18,8530.98,Fire,Rejected
1954,P0128,2023-05-27,7987.92,Accident,Approved
1955,P776,2023-02-23,5696.96,Death,Rejected
1956,P893,2023-10-14,8083.02,Fire,Approved
1957,P0636,2023-11-09,8823.63,Accident,Rejected
1958,P0030,2022-05-23,3649.19,Death,Approved
1959,P0435,2023-02-04,1696.87,Fire,Rejected
1960,P0670,2022-12-29,3221.77,Accident,Approved
1961,P0511,2023-12-15,6926.26,Death,Rejected
1962,P0778,2023-08-20,1112.58,Fire,Approved
1963,P616,2022-01-08,2997.63,Accident,Rejected
1964,P077,2023-06-18,4770.52,Death,Approved
1965,P0443,2022-06-28,5705.40,Fire,Rejected
1966,P883,2023-08-30,5628.16,Accident,Approved
1967,P0300,2023-09-14,1207.08,Death,Rejected
1968,P0859,2023-06-15,9605.75,Fire,Approved
1969,P0414,2022-04-09,8868.91,Accident,Rejected
1970,P0656,2022-05-30,2157.52,Death,Approved
1971,P0485,2023-07-04,7141.06,Fire,Rejected
1972,P150,2023-06-06,2032.13,Accident,Approved
1973,P436,2023-08-14,7762.02,Death,Rejected
1974,P0046,2022-10-20,1094.10,Fire,Approved
1975,P850,2022-06-10,5953.65,Accident,Rejected
1976,P0367,2023-08-11,7751.37,Death,Approved
1977,P334,2022-11-12,2361.32,Fire,Rejected
1978,P0354,2023-09-09,8618.23,Accident,Approved
1979,P0061,2023-11-21,6703.08,Death,Rejected
1980,P0449,2023-07-15,8553.82,Fire,Approved
1981,P0917,2023-11-19,1322.71,Accident,Rejected
1982,P0394,2023-04-22,2863.37,Death,Approved
1983,P075,2023-07-13,6356.40,Fire,Rejected
1984,P0904,2023-03-23,1201.19,Accident,Approved
1985,P276,2022-08-14,7472.27,Death,Rejected
1986,P0681,2022-05-17,9349.18,Fire,Approved
1987,P0345,2023-03-19,8183.49,Accident,Rejected
1988,P170,2022-12-05,8250.90,Death,Approved
1989,P640,2023-07-11,9117.94,Fire,Rejected
1990,P0462,2022-10-31,4661.15,Accident,Approved
1991,P784,2023-06-02,2707.21,Death,Rejected
1992,P0714,2023-01-23,2726.06,Fire,Approved
1993,P0639,2022-07-13,2990.08,Accident,Rejected
1994,P312,2023-10-11,5602.96,Death,Approved
1995,P893,2023-11-06,9504.37,Fire,Rejected
1996,P951,2023-11-09,8070.06,Accident,Approved
1997,P0915,2022-09-14,3986.92,Death,Rejected
1998,P613,2022-01-23,4062.14,Fire,Approved
1999,P0415,2022-01-12,3324.33,Accident,Rejected
2000,P242,2022-11-18,5268.97,Death,Approved
