policy_id,customer_id,policy_type,start_date,end_date,premium
P0001,665,Car,2021-02-28,NULL,827.87
P0002,382,Home,2021-05-29,NULL,1573.17
P0003,602,Life,2021-12-22,NULL,2500.71
P0004,839,Car,2022-02-28,NULL,1581.46
P0005,795,Home,2021-11-07,NULL,2997.70
P0006,966,Life,2022-04-08,NULL,1116.57
P0007,748,Car,2022-09-26,NULL,2387.47
P0008,776,Home,2021-09-05,NULL,2350.54
P0009,861,Life,2020-03-23,NULL,2581.60
P001,1,Auto,2022-01-02,2023-01-02,867.91
P0010,915,Car,2020-03-14,NULL,2063.28
P0011,906,Home,2021-10-14,NULL,1859.22
P0012,763,Life,2020-06-28,NULL,2029.13
P0013,520,Car,2022-02-01,NULL,1131.28
P0014,977,Home,2020-05-02,NULL,2215.66
P0015,63,Life,2020-09-11,NULL,708.27
P0016,654,Car,2020-01-20,NULL,838.75
P0017,620,Home,2021-11-20,NULL,1976.45
P0018,884,Life,2021-10-09,NULL,1969.77
P0019,996,Car,2020-08-02,NULL,717.50
P002,2,Life,2022-01-03,2023-01-03,878.36
P0020,791,Home,2021-11-22,NULL,716.26
P0021,358,Life,2021-06-12,NULL,1928.54
P0022,271,Car,2021-09-29,NULL,1443.82
P0023,975,Home,2022-01-09,NULL,2435.11
P0024,652,Life,2022-07-26,NULL,2325.44
P0025,840,Car,2020-01-07,NULL,1786.94
P0026,555,Home,2020-08-13,NULL,1668.63
P0027,660,Life,2022-06-14,NULL,1742.91
P0028,801,Car,2021-05-25,NULL,879.54
P0029,228,Home,2021-11-11,NULL,2304.58
P003,3,Home,2022-01-04,2023-01-04,788.07
P0030,568,Life,2021-10-31,NULL,2119.19
P0031,230,Car,2020-07-21,NULL,1311.44
P0032,16,Home,2020-04-15,NULL,1697.02
P0033,79,Life,2022-08-13,NULL,1852.76
P0034,840,Car,2021-07-30,NULL,1401.24
P0035,75,Home,2020-10-17,NULL,1074.63
P0036,278,Life,2021-11-28,NULL,2136.95
P0037,182,Car,2022-08-02,NULL,941.18
P0038,50,Home,2021-12-18,NULL,1597.06
P0039,42,Life,2022-06-12,NULL,1352.74
P004,4,Auto,2022-01-05,2023-01-05,305.28
P0040,26,Car,2020-04-13,NULL,1598.72
P0041,889,Home,2020-05-02,NULL,2873.74
P0042,379,Life,2020-02-16,NULL,734.07
P0043,330,Car,2021-01-03,NULL,2634.78
P0044,164,Home,2020-09-11,NULL,2462.09
P0045,160,Life,2021-03-17,NULL,2328.06
P0046,331,Car,2021-04-04,NULL,1268.37
P0047,158,Home,2022-05-13,NULL,2612.34
P0048,636,Life,2021-10-02,NULL,1241.30
P0049,562,Car,2022-07-07,NULL,2770.67
P005,5,Life,2022-01-06,2023-01-06,962.16
P0050,786,Home,2020-07-21,NULL,2138.81
P0051,671,Life,2021-01-21,NULL,2796.98
P0052,436,Car,2021-02-26,NULL,2510.57
P0053,755,Home,2020-12-24,NULL,1826.92
P0054,578,Life,2020-10-23,NULL,2368.22
P0055,849,Car,2022-09-26,NULL,1630.47
P0056,263,Home,2022-08-15,NULL,2996.13
P0057,121,Life,2021-08-28,NULL,2167.45
P0058,519,Car,2021-08-14,NULL,1500.50
P0059,228,Home,2022-07-27,NULL,518.78
P006,6,Home,2022-01-07,2023-01-07,794.99
P0060,224,Life,2020-04-02,NULL,2488.57
P0061,699,Car,2020-04-15,NULL,1578.54
P0062,842,Home,2022-07-01,NULL,591.94
P0063,448,Life,2020-05-07,NULL,1234.77
P0064,88,Car,2021-07-10,NULL,1799.45
P0065,930,Home,2020-03-27,NULL,2116.93
P0066,974,Life,2022-07-14,NULL,2269.71
P0067,764,Car,2021-11-22,NULL,919.60
P0068,766,Home,2020-11-17,NULL,1285.69
P0069,606,Life,2020-03-26,NULL,2025.77
P007,7,Auto,2022-01-08,2023-01-08,788.44
P0070,796,Car,2020-05-24,NULL,1348.41
P0071,262,Home,2020-10-18,NULL,2177.21
P0072,481,Life,2021-01-24,NULL,1769.91
P0073,371,Car,2020-11-22,NULL,1807.77
P0074,636,Home,2021-08-31,NULL,834.43
P0075,845,Life,2022-04-02,NULL,1944.19
P0076,422,Car,2021-01-08,NULL,2005.43
P0077,892,Home,2021-10-12,NULL,1941.32
P0078,933,Life,2022-07-21,NULL,2658.88
P0079,522,Car,2020-01-17,NULL,1794.77
P008,8,Life,2022-01-09,2023-01-09,557.25
P0080,541,Home,2020-05-27,NULL,792.17
P0081,142,Life,2020-12-24,NULL,1414.42
P0082,755,Car,2021-11-04,NULL,765.25
P0083,510,Home,2020-08-16,NULL,2030.95
P0084,378,Life,2020-02-21,NULL,814.09
P0085,473,Car,2022-09-13,NULL,1791.63
P0086,623,Home,2021-07-15,NULL,2850.26
P0087,17,Life,2020-09-18,NULL,1147.07
P0088,510,Car,2022-02-09,NULL,1308.16
P0089,306,Home,2021-07-11,NULL,2682.19
P009,9,Home,2022-01-10,2023-01-10,820.92
P0090,691,Life,2022-04-14,NULL,754.47
P0091,5,Car,2021-12-18,NULL,1938.43
P0092,724,Home,2022-06-09,NULL,1204.04
P0093,738,Life,2022-04-21,NULL,2985.27
P0094,448,Car,2020-09-10,NULL,2812.31
P0095,865,Home,2021-07-03,NULL,883.00
P0096,118,Life,2020-05-06,NULL,1207.51
P0097,35,Car,2020-11-17,NULL,1760.12
P0098,557,Home,2020-09-27,NULL,2206.60
P0099,602,Life,2022-08-19,NULL,504.72
P010,10,Auto,2022-01-11,2023-01-11,732.87
P0100,125,Car,2021-09-10,NULL,2299.68
P0101,743,Home,2021-07-07,NULL,1846.70
P0102,34,Life,2021-07-05,NULL,2144.75
P0103,635,Car,2020-07-17,NULL,719.15
P0104,844,Home,2022-08-14,NULL,1123.49
P0105,379,Life,2020-05-24,NULL,1962.36
P0106,493,Car,2021-12-08,NULL,654.45
P0107,186,Home,2022-01-10,NULL,871.95
P0108,522,Life,2020-06-08,NULL,1086.35
P0109,694,Car,2022-02-04,NULL,2364.90
P011,11,Life,2022-01-12,2023-01-12,901.59
P0110,434,Home,2022-07-17,NULL,1360.31
P0111,935,Life,2021-09-30,NULL,1472.99
P0112,32,Car,2022-09-14,NULL,2610.54
P0113,259,Home,2022-01-31,NULL,572.27
P0114,862,Life,2020-08-08,NULL,1797.11
P0115,933,Car,2020-04-14,NULL,2317.44
P0116,321,Home,2021-02-26,NULL,873.09
P0117,480,Life,2022-08-07,NULL,1276.24
P0118,704,Car,2021-08-06,NULL,2526.16
P0119,301,Home,2020-03-12,NULL,1633.99
P012,12,Home,2022-01-13,2023-01-13,609.34
P0120,55,Life,2022-07-03,NULL,1512.97
P0121,284,Car,2020-07-22,NULL,920.26
P0122,229,Home,2021-09-30,NULL,1770.38
P0123,625,Life,2021-08-20,NULL,783.04
P0124,775,Car,2021-06-16,NULL,1343.32
P0125,91,Home,2021-03-16,NULL,2823.61
P0126,327,Life,2022-04-25,NULL,1118.75
P0127,701,Car,2022-01-31,NULL,2262.75
P0128,242,Home,2020-03-30,NULL,2313.85
P0129,359,Life,2021-09-08,NULL,513.46
P013,13,Auto,2022-01-14,2023-01-14,741.92
P0130,179,Car,2022-05-25,NULL,2602.89
P0131,581,Home,2021-01-12,NULL,867.49
P0132,603,Life,2021-07-25,NULL,620.95
P0133,529,Car,2021-05-12,NULL,2753.74
P0134,16,Home,2021-01-06,NULL,2533.67
P0135,952,Life,2020-11-14,NULL,2342.68
P0136,730,Car,2021-03-14,NULL,505.08
P0137,696,Home,2021-04-14,NULL,1154.11
P0138,901,Life,2021-12-16,NULL,2692.00
P0139,238,Car,2021-07-12,NULL,698.53
P014,14,Life,2022-01-15,2023-01-15,881.58
P0140,722,Home,2021-01-03,NULL,2198.34
P0141,291,Life,2021-02-18,NULL,1007.12
P0142,770,Car,2020-08-26,NULL,2714.30
P0143,713,Home,2022-06-22,NULL,1451.56
P0144,193,Life,2022-04-02,NULL,1838.59
P0145,209,Car,2021-03-12,NULL,1894.76
P0146,480,Home,2021-12-23,NULL,939.28
P0147,711,Life,2020-01-25,NULL,2983.59
P0148,893,Car,2021-04-26,NULL,2326.77
P0149,209,Home,2022-05-02,NULL,2084.47
P015,15,Home,2022-01-16,2023-01-16,482.15
P0150,613,Life,2020-06-11,NULL,2934.69
P0151,383,Car,2022-09-15,NULL,2494.27
P0152,23,Home,2021-12-18,NULL,1804.78
P0153,457,Life,2021-12-17,NULL,1037.06
P0154,924,Car,2022-08-30,NULL,735.41
P0155,553,Home,2021-04-22,NULL,2332.00
P0156,231,Life,2022-08-12,NULL,704.05
P0157,545,Car,2021-04-20,NULL,2359.70
P0158,294,Home,2020-08-25,NULL,1266.36
P0159,820,Life,2020-06-28,NULL,1597.43
P016,16,Auto,2022-01-17,2023-01-17,866.00
P0160,656,Car,2022-08-19,NULL,2602.64
P0161,321,Home,2020-03-19,NULL,1580.81
P0162,926,Life,2020-11-26,NULL,2693.51
P0163,395,Car,2020-12-06,NULL,1798.61
P0164,576,Home,2020-11-14,NULL,2664.35
P0165,374,Life,2020-09-28,NULL,1085.49
P0166,358,Car,2020-03-27,NULL,1401.60
P0167,543,Home,2021-09-23,NULL,1819.54
P0168,746,Life,2020-05-25,NULL,1720.33
P0169,6,Car,2021-07-17,NULL,2498.37
P017,17,Life,2022-01-18,2023-01-18,483.55
P0170,308,Home,2020-05-17,NULL,2420.48
P0171,428,Life,2022-04-10,NULL,2682.28
P0172,873,Car,2022-01-11,NULL,729.57
P0173,235,Home,2022-06-15,NULL,2444.13
P0174,200,Life,2021-10-28,NULL,2331.99
P0175,665,Car,2020-05-04,NULL,2067.59
P0176,763,Home,2022-07-22,NULL,1443.81
P0177,88,Life,2020-11-03,NULL,1180.05
P0178,439,Car,2021-01-11,NULL,1920.75
P0179,712,Home,2022-04-30,NULL,798.75
P018,18,Home,2022-01-19,2023-01-19,919.73
P0180,46,Life,2022-05-20,NULL,1039.96
P0181,468,Car,2021-11-22,NULL,630.25
P0182,188,Home,2022-02-18,NULL,1341.52
P0183,345,Life,2021-12-11,NULL,1804.58
P0184,477,Car,2022-03-28,NULL,2145.45
P0185,839,Home,2020-08-03,NULL,1912.14
P0186,177,Life,2020-07-08,NULL,1544.36
P0187,520,Car,2020-12-11,NULL,921.16
P0188,806,Home,2021-06-07,NULL,994.92
P0189,421,Life,2021-05-25,NULL,1221.99
P019,19,Auto,2022-01-20,2023-01-20,748.03
P0190,914,Car,2021-11-30,NULL,2396.50
P0191,695,Home,2020-07-13,NULL,2726.29
P0192,869,Life,2021-11-04,NULL,2397.30
P0193,776,Car,2021-08-22,NULL,2174.38
P0194,552,Home,2022-01-18,NULL,722.92
P0195,200,Life,2021-12-30,NULL,625.74
P0196,63,Car,2020-06-09,NULL,2040.16
P0197,599,Home,2020-05-24,NULL,2817.54
P0198,202,Life,2020-08-14,NULL,1818.96
P0199,959,Car,2020-07-29,NULL,943.19
P020,20,Life,2022-01-21,2023-01-21,680.96
P0200,255,Home,2022-01-10,NULL,2843.60
P0201,467,Life,2021-06-05,NULL,1022.15
P0202,479,Car,2022-02-05,NULL,1494.47
P0203,689,Home,2020-09-06,NULL,959.40
P0204,169,Life,2020-10-20,NULL,2901.56
P0205,923,Car,2022-01-01,NULL,2720.64
P0206,248,Home,2021-07-27,NULL,809.11
P0207,899,Life,2020-04-30,NULL,2771.37
P0208,181,Car,2020-06-26,NULL,1363.75
P0209,196,Home,2022-07-27,NULL,772.76
P021,21,Home,2022-01-22,2023-01-22,860.71
P0210,729,Life,2020-11-13,NULL,1499.98
P0211,48,Car,2020-02-09,NULL,633.63
P0212,150,Home,2021-08-07,NULL,1690.67
P0213,628,Life,2021-12-09,NULL,2145.90
P0214,168,Car,2022-05-12,NULL,2523.48
P0215,460,Home,2022-05-21,NULL,2938.97
P0216,265,Life,2021-02-01,NULL,983.74
P0217,775,Car,2020-10-19,NULL,847.08
P0218,817,Home,2021-10-28,NULL,2705.78
P0219,413,Life,2021-02-18,NULL,2591.45
P022,22,Auto,2022-01-23,2023-01-23,560.69
P0220,939,Car,2020-07-03,NULL,760.23
P0221,969,Home,2021-06-12,NULL,2348.81
P0222,112,Life,2020-12-02,NULL,1378.92
P0223,747,Car,2021-11-10,NULL,895.81
P0224,753,Home,2020-10-13,NULL,934.11
P0225,11,Life,2021-06-13,NULL,2041.93
P0226,496,Car,2021-09-20,NULL,2133.59
P0227,383,Home,2022-08-12,NULL,2055.11
P0228,248,Life,2021-01-07,NULL,802.14
P0229,486,Car,2020-03-07,NULL,2683.26
P023,23,Life,2022-01-24,2023-01-24,621.28
P0230,169,Home,2020-08-09,NULL,2002.70
P0231,342,Life,2022-06-25,NULL,1767.93
P0232,817,Car,2021-07-12,NULL,1361.21
P0233,47,Home,2020-07-20,NULL,2663.02
P0234,723,Life,2020-01-17,NULL,2789.10
P0235,529,Car,2022-06-14,NULL,2726.33
P0236,768,Home,2020-06-13,NULL,1800.90
P0237,109,Life,2022-09-09,NULL,1960.65
P0238,976,Car,2020-05-03,NULL,2228.08
P0239,87,Home,2020-12-22,NULL,1809.06
P024,24,Home,2022-01-25,2023-01-25,424.36
P0240,550,Life,2020-06-23,NULL,1066.41
P0241,609,Car,2020-12-28,NULL,2968.56
P0242,850,Home,2020-10-12,NULL,2691.81
P0243,529,Life,2020-01-13,NULL,1693.66
P0244,350,Car,2020-11-10,NULL,1813.66
P0245,684,Home,2022-04-18,NULL,863.76
P0246,211,Life,2021-09-09,NULL,1632.25
P0247,414,Car,2021-12-09,NULL,1258.06
P0248,390,Home,2020-02-09,NULL,574.57
P0249,30,Life,2020-02-27,NULL,998.15
P025,25,Auto,2022-01-26,2023-01-26,657.97
P0250,824,Car,2021-06-05,NULL,838.29
P0251,113,Home,2020-06-05,NULL,1613.24
P0252,757,Life,2021-03-24,NULL,2925.53
P0253,507,Car,2021-09-14,NULL,1985.12
P0254,102,Home,2021-12-27,NULL,1320.23
P0255,461,Life,2020-11-13,NULL,1019.78
P0256,87,Car,2022-03-17,NULL,2436.41
P0257,454,Home,2022-07-31,NULL,1378.97
P0258,932,Life,2021-08-24,NULL,1034.47
P0259,265,Car,2021-11-11,NULL,2025.77
P026,26,Life,2022-01-27,2023-01-27,316.74
P0260,10,Home,2020-08-04,NULL,630.44
P0261,613,Life,2022-06-25,NULL,2239.42
P0262,759,Car,2021-12-06,NULL,1131.82
P0263,147,Home,2022-09-01,NULL,1581.55
P0264,240,Life,2022-06-20,NULL,2465.06
P0265,227,Car,2022-02-15,NULL,1002.55
P0266,677,Home,2022-02-16,NULL,2647.28
P0267,963,Life,2020-08-22,NULL,1213.64
P0268,724,Car,2022-02-02,NULL,2114.71
P0269,939,Home,2022-01-25,NULL,2908.69
P027,27,Home,2022-01-28,2023-01-28,709.81
P0270,550,Life,2022-05-07,NULL,2098.17
P0271,624,Car,2020-07-18,NULL,819.22
P0272,40,Home,2022-03-25,NULL,2887.17
P0273,331,Life,2022-02-25,NULL,2854.39
P0274,350,Car,2022-07-10,NULL,1897.45
P0275,31,Home,2021-04-21,NULL,1227.58
P0276,26,Life,2020-09-10,NULL,975.39
P0277,192,Car,2021-01-20,NULL,1386.11
P0278,616,Home,2020-01-14,NULL,1053.67
P0279,67,Life,2021-10-31,NULL,868.82
P028,28,Auto,2022-01-29,2023-01-29,898.82
P0280,729,Car,2020-07-20,NULL,2556.71
P0281,508,Home,2020-03-11,NULL,2578.58
P0282,945,Life,2020-08-14,NULL,1255.42
P0283,830,Car,2020-08-30,NULL,2311.75
P0284,895,Home,2020-10-27,NULL,2543.31
P0285,186,Life,2021-04-20,NULL,2547.72
P0286,671,Car,2022-06-12,NULL,1647.84
P0287,614,Home,2021-11-22,NULL,2039.10
P0288,5,Life,2020-06-22,NULL,2636.29
P0289,753,Car,2020-07-18,NULL,2347.52
P029,29,Life,2022-01-30,2023-01-30,664.65
P0290,97,Home,2020-09-24,NULL,621.70
P0291,440,Life,2020-02-21,NULL,2852.93
P0292,550,Car,2022-07-14,NULL,2948.70
P0293,120,Home,2021-10-23,NULL,2867.00
P0294,751,Life,2022-06-28,NULL,1245.05
P0295,762,Car,2022-07-01,NULL,1194.93
P0296,653,Home,2021-03-05,NULL,977.69
P0297,666,Life,2022-01-25,NULL,2452.24
P0298,638,Car,2022-04-25,NULL,1281.95
P0299,29,Home,2020-07-23,NULL,2845.37
P030,30,Home,2022-01-31,2023-01-31,326.82
P0300,77,Life,2021-07-21,NULL,2016.77
P0301,333,Car,2022-04-20,NULL,1016.66
P0302,512,Home,2022-07-26,NULL,880.13
P0303,949,Life,2020-10-12,NULL,1960.87
P0304,64,Car,2021-07-20,NULL,2105.63
P0305,511,Home,2021-09-19,NULL,2007.31
P0306,134,Life,2022-05-08,NULL,2732.40
P0307,889,Car,2022-02-03,NULL,894.41
P0308,495,Home,2022-09-25,NULL,1778.48
P0309,561,Life,2020-09-23,NULL,2128.97
P031,31,Auto,2022-02-01,2023-02-01,740.15
P0310,459,Car,2020-12-05,NULL,1299.11
P0311,581,Home,2022-08-02,NULL,2946.59
P0312,61,Life,2021-01-03,NULL,2151.30
P0313,197,Car,2020-01-02,NULL,1546.42
P0314,88,Home,2020-07-01,NULL,2128.73
P0315,709,Life,2021-08-11,NULL,2545.00
P0316,324,Car,2020-06-13,NULL,2624.05
P0317,756,Home,2020-08-18,NULL,2708.82
P0318,728,Life,2022-09-11,NULL,2356.32
P0319,759,Car,2021-07-18,NULL,1867.30
P032,32,Life,2022-02-02,2023-02-02,320.30
P0320,42,Home,2021-07-19,NULL,2263.28
P0321,829,Life,2020-01-30,NULL,2145.37
P0322,204,Car,2020-02-13,NULL,2021.34
P0323,911,Home,2021-12-30,NULL,2781.82
P0324,377,Life,2020-05-23,NULL,1969.41
P0325,509,Car,2022-02-19,NULL,1443.61
P0326,545,Home,2021-08-15,NULL,1314.74
P0327,854,Life,2020-10-15,NULL,2701.94
P0328,540,Car,2020-02-26,NULL,2157.37
P0329,146,Home,2022-01-08,NULL,1137.05
P033,33,Home,2022-02-03,2023-02-03,481.06
P0330,60,Life,2021-06-16,NULL,1715.05
P0331,832,Car,2021-11-30,NULL,503.46
P0332,910,Home,2021-06-27,NULL,2970.19
P0333,311,Life,2021-08-10,NULL,521.54
P0334,280,Car,2021-01-04,NULL,528.57
P0335,948,Home,2021-12-06,NULL,2203.74
P0336,293,Life,2021-02-21,NULL,1027.67
P0337,803,Car,2021-01-13,NULL,1712.55
P0338,290,Home,2022-09-21,NULL,756.86
P0339,531,Life,2020-12-08,NULL,809.94
P034,34,Auto,2022-02-04,2023-02-04,444.37
P0340,592,Car,2021-08-06,NULL,859.67
P0341,970,Home,2021-02-17,NULL,905.15
P0342,569,Life,2020-12-23,NULL,700.79
P0343,330,Car,2021-02-11,NULL,624.02
P0344,25,Home,2022-09-01,NULL,2500.25
P0345,76,Life,2022-09-06,NULL,2171.64
P0346,406,Car,2020-01-22,NULL,2724.28
P0347,385,Home,2020-09-12,NULL,808.20
P0348,850,Life,2022-05-27,NULL,2600.54
P0349,568,Car,2020-11-14,NULL,2721.94
P035,35,Life,2022-02-05,2023-02-05,478.70
P0350,489,Home,2022-02-15,NULL,1540.77
P0351,753,Life,2021-05-27,NULL,1269.17
P0352,1000,Car,2020-03-15,NULL,1433.07
P0353,644,Home,2020-04-06,NULL,1877.92
P0354,468,Life,2021-11-14,NULL,540.66
P0355,31,Car,2020-04-12,NULL,1549.16
P0356,793,Home,2021-12-03,NULL,834.96
P0357,564,Life,2021-02-19,NULL,1469.29
P0358,692,Car,2020-10-21,NULL,1498.97
P0359,114,Home,2021-01-02,NULL,1747.04
P036,36,Home,2022-02-06,2023-02-06,760.36
P0360,391,Life,2021-04-02,NULL,791.07
P0361,209,Car,2021-11-25,NULL,2615.10
P0362,147,Home,2020-07-15,NULL,1848.95
P0363,110,Life,2022-07-19,NULL,1308.17
P0364,825,Car,2020-06-02,NULL,1232.17
P0365,5,Home,2020-05-22,NULL,2252.98
P0366,78,Life,2020-10-11,NULL,969.86
P0367,88,Car,2022-05-23,NULL,758.39
P0368,898,Home,2020-06-26,NULL,984.80
P0369,438,Life,2021-08-30,NULL,2307.65
P037,37,Auto,2022-02-07,2023-02-07,665.70
P0370,794,Car,2022-03-08,NULL,2022.17
P0371,651,Home,2021-03-03,NULL,967.14
P0372,651,Life,2021-11-23,NULL,1772.34
P0373,469,Car,2022-03-25,NULL,2174.30
P0374,904,Home,2021-05-24,NULL,2591.00
P0375,654,Life,2022-01-27,NULL,2573.93
P0376,874,Car,2022-05-30,NULL,2457.62
P0377,273,Home,2020-01-13,NULL,1113.70
P0378,190,Life,2020-08-01,NULL,1740.09
P0379,841,Car,2021-12-16,NULL,637.32
P038,38,Life,2022-02-08,2023-02-08,747.45
P0380,129,Home,2021-04-22,NULL,503.21
P0381,575,Life,2022-05-18,NULL,2049.47
P0382,493,Car,2021-08-28,NULL,1870.83
P0383,926,Home,2022-09-08,NULL,830.57
P0384,717,Life,2020-07-03,NULL,2433.24
P0385,314,Car,2020-09-03,NULL,1233.70
P0386,728,Home,2022-01-26,NULL,1998.51
P0387,729,Life,2022-04-22,NULL,570.72
P0388,614,Car,2022-09-11,NULL,697.56
P0389,443,Home,2022-09-04,NULL,1895.72
P039,39,Home,2022-02-09,2023-02-09,740.13
P0390,860,Life,2021-09-13,NULL,1823.79
P0391,784,Car,2020-11-23,NULL,1219.00
P0392,456,Home,2021-02-19,NULL,2277.50
P0393,309,Life,2021-02-11,NULL,786.99
P0394,351,Car,2021-02-11,NULL,2966.39
P0395,711,Home,2021-08-14,NULL,2562.27
P0396,352,Life,2020-10-08,NULL,1389.30
P0397,933,Car,2021-08-19,NULL,962.30
P0398,135,Home,2020-04-28,NULL,972.74
P0399,590,Life,2021-01-15,NULL,837.11
P040,40,Auto,2022-02-10,2023-02-10,458.28
P0400,533,Car,2020-09-12,NULL,2204.85
P0401,643,Home,2020-06-17,NULL,2786.29
P0402,67,Life,2021-08-12,NULL,2372.41
P0403,976,Car,2021-09-22,NULL,1063.28
P0404,236,Home,2021-05-16,NULL,2507.33
P0405,509,Life,2020-05-15,NULL,878.14
P0406,350,Car,2020-10-20,NULL,1552.92
P0407,224,Home,2022-05-06,NULL,2024.05
P0408,480,Life,2021-07-21,NULL,1495.08
P0409,289,Car,2020-09-06,NULL,1457.32
P041,41,Life,2022-02-11,2023-02-11,471.04
P0410,166,Home,2021-11-07,NULL,2718.36
P0411,408,Life,2021-01-09,NULL,2121.50
P0412,121,Car,2021-10-20,NULL,2824.40
P0413,674,Home,2021-07-31,NULL,2671.65
P0414,610,Life,2021-03-19,NULL,1472.91
P0415,615,Car,2022-06-23,NULL,2198.00
P0416,683,Home,2021-01-10,NULL,2571.53
P0417,18,Life,2021-08-23,NULL,2876.59
P0418,952,Car,2022-06-25,NULL,2196.04
P0419,672,Home,2020-11-20,NULL,2015.60
P042,42,Home,2022-02-12,2023-02-12,680.35
P0420,58,Life,2021-04-16,NULL,954.57
P0421,496,Car,2022-07-21,NULL,944.21
P0422,90,Home,2022-07-03,NULL,1263.32
P0423,783,Life,2022-09-22,NULL,2071.66
P0424,159,Car,2022-06-23,NULL,623.35
P0425,533,Home,2021-05-29,NULL,2933.28
P0426,325,Life,2021-12-02,NULL,1831.74
P0427,561,Car,2020-07-22,NULL,1340.93
P0428,72,Home,2020-12-14,NULL,1817.57
P0429,591,Life,2021-01-05,NULL,700.71
P043,43,Auto,2022-02-13,2023-02-13,988.64
P0430,291,Car,2020-08-01,NULL,982.57
P0431,326,Home,2020-02-20,NULL,1186.43
P0432,222,Life,2020-10-10,NULL,2384.90
P0433,919,Car,2020-11-27,NULL,2758.50
P0434,522,Home,2022-06-14,NULL,2787.74
P0435,889,Life,2021-11-27,NULL,2539.32
P0436,991,Car,2021-05-19,NULL,1876.92
P0437,241,Home,2021-07-05,NULL,591.88
P0438,529,Life,2021-06-14,NULL,673.90
P0439,756,Car,2021-07-21,NULL,1931.40
P044,44,Life,2022-02-14,2023-02-14,502.14
P0440,160,Home,2020-03-22,NULL,2816.87
P0441,391,Life,2020-06-19,NULL,2201.75
P0442,893,Car,2021-02-26,NULL,1584.15
P0443,901,Home,2020-07-22,NULL,1285.23
P0444,961,Life,2022-05-09,NULL,1546.55
P0445,514,Car,2020-11-05,NULL,522.63
P0446,117,Home,2021-07-08,NULL,1553.67
P0447,446,Life,2022-08-19,NULL,1682.28
P0448,480,Car,2022-09-05,NULL,1633.49
P0449,332,Home,2020-10-26,NULL,1757.48
P045,45,Home,2022-02-15,2023-02-15,644.76
P0450,616,Life,2021-07-22,NULL,2994.38
P0451,283,Car,2021-02-21,NULL,1098.77
P0452,947,Home,2020-01-12,NULL,1053.51
P0453,72,Life,2021-11-22,NULL,1114.12
P0454,153,Car,2020-01-27,NULL,2184.59
P0455,291,Home,2021-03-04,NULL,1185.89
P0456,86,Life,2021-08-24,NULL,2387.15
P0457,969,Car,2021-07-31,NULL,2952.65
P0458,174,Home,2022-07-13,NULL,758.91
P0459,744,Life,2021-02-09,NULL,2491.36
P046,46,Auto,2022-02-16,2023-02-16,717.41
P0460,768,Car,2021-03-21,NULL,2818.13
P0461,300,Home,2021-12-15,NULL,2183.52
P0462,225,Life,2020-04-12,NULL,2591.85
P0463,878,Car,2022-05-28,NULL,2393.12
P0464,153,Home,2021-05-03,NULL,2969.26
P0465,473,Life,2021-02-01,NULL,1927.08
P0466,662,Car,2021-08-19,NULL,2995.91
P0467,202,Home,2020-01-13,NULL,1641.68
P0468,247,Life,2022-05-13,NULL,1944.92
P0469,299,Car,2022-01-30,NULL,2768.43
P047,47,Life,2022-02-17,2023-02-17,652.75
P0470,255,Home,2021-07-03,NULL,2961.30
P0471,275,Life,2021-02-20,NULL,1156.16
P0472,62,Car,2021-06-03,NULL,1537.63
P0473,516,Home,2020-11-28,NULL,793.86
P0474,590,Life,2021-08-15,NULL,993.10
P0475,208,Car,2021-03-21,NULL,2014.03
P0476,692,Home,2021-10-01,NULL,808.54
P0477,699,Life,2020-05-03,NULL,1804.08
P0478,238,Car,2021-09-14,NULL,1496.25
P0479,127,Home,2021-03-10,NULL,2489.92
P048,48,Home,2022-02-18,2023-02-18,811.52
P0480,676,Life,2022-09-15,NULL,2794.82
P0481,624,Car,2020-12-28,NULL,2857.45
P0482,628,Home,2020-11-03,NULL,2135.64
P0483,350,Life,2022-02-24,NULL,2700.51
P0484,44,Car,2021-07-30,NULL,2378.04
P0485,28,Home,2022-06-01,NULL,1329.68
P0486,12,Life,2020-03-01,NULL,1167.36
P0487,155,Car,2022-08-29,NULL,1487.22
P0488,60,Home,2020-04-22,NULL,1458.68
P0489,581,Life,2022-01-21,NULL,539.22
P049,49,Auto,2022-02-19,2023-02-19,399.37
P0490,825,Car,2020-03-15,NULL,2753.45
P0491,283,Home,2021-12-07,NULL,2217.30
P0492,315,Life,2021-05-27,NULL,2041.07
P0493,547,Car,2022-05-31,NULL,2418.37
P0494,194,Home,2021-10-26,NULL,2360.75
P0495,727,Life,2021-02-05,NULL,2563.98
P0496,925,Car,2020-05-24,NULL,2878.36
P0497,323,Home,2022-01-26,NULL,2541.16
P0498,813,Life,2021-09-05,NULL,2077.41
P0499,314,Car,2021-11-05,NULL,1581.35
P050,50,Life,2022-02-20,2023-02-20,662.27
P0500,139,Home,2021-01-31,NULL,1917.94
P0501,646,Life,2021-06-10,NULL,2238.82
P0502,899,Car,2021-02-08,NULL,1320.86
P0503,428,Home,2020-06-03,NULL,1720.80
P0504,979,Life,2021-03-03,NULL,1000.66
P0505,721,Car,2022-09-26,NULL,2591.45
P0506,185,Home,2021-02-18,NULL,1798.21
P0507,353,Life,2020-07-21,NULL,2887.56
P0508,169,Car,2022-09-04,NULL,1452.84
P0509,974,Home,2021-12-26,NULL,2263.19
P051,51,Home,2022-02-21,2023-02-21,413.25
P0510,351,Life,2021-09-28,NULL,828.20
P0511,747,Car,2020-12-06,NULL,1650.33
P0512,281,Home,2020-01-22,NULL,1164.58
P0513,266,Life,2021-06-11,NULL,2607.79
P0514,633,Car,2021-09-25,NULL,1179.50
P0515,458,Home,2021-04-15,NULL,2949.42
P0516,489,Life,2021-05-16,NULL,607.31
P0517,711,Car,2021-02-26,NULL,2950.54
P0518,635,Home,2020-08-20,NULL,1145.80
P0519,595,Life,2020-07-15,NULL,999.72
P052,52,Auto,2022-02-22,2023-02-22,479.44
P0520,410,Car,2021-03-25,NULL,540.53
P0521,734,Home,2021-09-12,NULL,2750.05
P0522,640,Life,2021-05-11,NULL,1910.03
P0523,331,Car,2022-08-20,NULL,2550.56
P0524,214,Home,2021-08-28,NULL,1473.86
P0525,131,Life,2021-04-26,NULL,544.06
P0526,644,Car,2020-06-13,NULL,2730.64
P0527,968,Home,2020-06-10,NULL,2761.37
P0528,39,Life,2021-04-22,NULL,1182.13
P0529,932,Car,2022-04-20,NULL,1513.35
P053,53,Life,2022-02-23,2023-02-23,857.45
P0530,507,Home,2020-11-11,NULL,650.21
P0531,353,Life,2021-08-07,NULL,2656.09
P0532,560,Car,2020-07-29,NULL,1432.02
P0533,234,Home,2020-02-17,NULL,1847.38
P0534,552,Life,2020-05-21,NULL,625.91
P0535,829,Car,2022-09-19,NULL,1693.15
P0536,409,Home,2021-09-01,NULL,2552.29
P0537,278,Life,2022-07-12,NULL,2468.00
P0538,165,Car,2021-04-05,NULL,2528.32
P0539,674,Home,2022-07-23,NULL,2129.33
P054,54,Home,2022-02-24,2023-02-24,448.95
P0540,455,Life,2020-11-15,NULL,1081.80
P0541,206,Car,2020-11-23,NULL,551.98
P0542,123,Home,2021-07-03,NULL,1449.85
P0543,252,Life,2020-04-27,NULL,2584.45
P0544,816,Car,2021-08-01,NULL,1610.42
P0545,486,Home,2020-04-05,NULL,553.17
P0546,820,Life,2020-02-03,NULL,2272.04
P0547,444,Car,2020-04-02,NULL,828.00
P0548,379,Home,2021-05-13,NULL,1394.62
P0549,294,Life,2021-01-28,NULL,713.41
P055,55,Auto,2022-02-25,2023-02-25,772.38
P0550,248,Car,2022-09-09,NULL,917.99
P0551,890,Home,2022-08-06,NULL,676.86
P0552,510,Life,2020-11-30,NULL,863.27
P0553,723,Car,2020-06-25,NULL,2286.63
P0554,45,Home,2020-03-17,NULL,1122.02
P0555,16,Life,2020-11-27,NULL,2022.26
P0556,52,Car,2021-03-05,NULL,2986.75
P0557,685,Home,2021-03-13,NULL,838.53
P0558,364,Life,2021-02-17,NULL,2940.00
P0559,640,Car,2020-09-25,NULL,1560.11
P056,56,Life,2022-02-26,2023-02-26,815.04
P0560,316,Home,2020-10-30,NULL,1928.99
P0561,948,Life,2020-01-25,NULL,1196.29
P0562,320,Car,2022-01-31,NULL,2620.33
P0563,957,Home,2020-08-28,NULL,1326.87
P0564,933,Life,2021-11-02,NULL,1900.39
P0565,786,Car,2020-09-04,NULL,2705.71
P0566,668,Home,2021-11-23,NULL,1646.45
P0567,216,Life,2021-12-03,NULL,2661.85
P0568,217,Car,2021-05-04,NULL,2493.70
P0569,519,Home,2020-07-20,NULL,1626.34
P057,57,Home,2022-02-27,2023-02-27,758.07
P0570,649,Life,2022-06-10,NULL,1776.90
P0571,880,Car,2022-05-17,NULL,2240.68
P0572,880,Home,2020-11-06,NULL,2778.23
P0573,627,Life,2021-01-31,NULL,759.80
P0574,331,Car,2020-12-05,NULL,2272.24
P0575,525,Home,2021-05-10,NULL,2764.24
P0576,41,Life,2021-05-02,NULL,1289.13
P0577,116,Car,2021-09-20,NULL,2495.59
P0578,106,Home,2020-05-10,NULL,1341.14
P0579,292,Life,2021-03-23,NULL,1410.23
P058,58,Auto,2022-02-28,2023-02-28,345.22
P0580,478,Car,2020-10-22,NULL,607.73
P0581,331,Home,2021-06-05,NULL,2042.15
P0582,520,Life,2022-01-18,NULL,962.96
P0583,679,Car,2022-04-19,NULL,898.84
P0584,280,Home,2022-07-09,NULL,2407.63
P0585,54,Life,2022-09-06,NULL,2341.96
P0586,746,Car,2021-05-30,NULL,1350.39
P0587,156,Home,2022-01-27,NULL,1298.17
P0588,325,Life,2021-10-28,NULL,1393.39
P0589,788,Car,2022-05-16,NULL,2920.40
P059,59,Life,2022-03-01,2023-03-01,551.90
P0590,243,Home,2020-11-02,NULL,2510.28
P0591,103,Life,2020-04-09,NULL,971.73
P0592,647,Car,2021-10-26,NULL,1460.93
P0593,929,Home,2021-05-02,NULL,2137.31
P0594,811,Life,2020-03-30,NULL,540.18
P0595,812,Car,2020-01-08,NULL,2007.28
P0596,993,Home,2020-06-04,NULL,2497.26
P0597,529,Life,2020-08-31,NULL,2084.58
P0598,439,Car,2020-10-17,NULL,840.19
P0599,810,Home,2021-10-02,NULL,2431.77
P060,60,Home,2022-03-02,2023-03-02,723.85
P0600,943,Life,2021-01-28,NULL,856.21
P0601,531,Car,2020-08-13,NULL,1839.40
P0602,3,Home,2021-02-08,NULL,534.34
P0603,857,Life,2020-08-28,NULL,2083.71
P0604,446,Car,2020-11-25,NULL,1269.38
P0605,552,Home,2022-04-14,NULL,1789.98
P0606,78,Life,2022-04-20,NULL,2925.03
P0607,329,Car,2021-12-31,NULL,2172.85
P0608,154,Home,2022-01-30,NULL,1352.35
P0609,424,Life,2020-04-05,NULL,1021.22
P061,61,Auto,2022-03-03,2023-03-03,963.53
P0610,755,Car,2020-05-27,NULL,1683.70
P0611,926,Home,2020-07-23,NULL,1123.43
P0612,633,Life,2021-02-16,NULL,914.03
P0613,591,Car,2021-04-02,NULL,1789.84
P0614,207,Home,2021-04-29,NULL,2508.48
P0615,564,Life,2021-02-10,NULL,1352.64
P0616,487,Car,2021-02-14,NULL,1981.87
P0617,732,Home,2022-05-31,NULL,1028.60
P0618,413,Life,2021-03-05,NULL,2777.77
P0619,266,Car,2021-08-18,NULL,949.15
P062,62,Life,2022-03-04,2023-03-04,946.10
P0620,113,Home,2020-01-22,NULL,2432.03
P0621,799,Life,2021-11-04,NULL,2935.24
P0622,849,Car,2020-11-17,NULL,654.50
P0623,345,Home,2021-06-19,NULL,2108.37
P0624,612,Life,2020-05-06,NULL,2498.28
P0625,617,Car,2021-11-15,NULL,1936.58
P0626,819,Home,2021-01-03,NULL,1472.72
P0627,839,Life,2020-01-26,NULL,2029.75
P0628,983,Car,2020-03-20,NULL,1616.32
P0629,996,Home,2021-09-29,NULL,1002.10
P063,63,Home,2022-03-05,2023-03-05,839.90
P0630,92,Life,2022-05-07,NULL,527.22
P0631,483,Car,2021-01-14,NULL,1620.84
P0632,105,Home,2020-06-26,NULL,1932.12
P0633,333,Life,2022-08-02,NULL,2307.11
P0634,782,Car,2022-01-11,NULL,1401.80
P0635,580,Home,2022-03-26,NULL,1352.29
P0636,257,Life,2020-09-17,NULL,1834.80
P0637,888,Car,2022-04-14,NULL,1771.81
P0638,42,Home,2021-11-12,NULL,1205.58
P0639,368,Life,2022-09-15,NULL,2607.48
P064,64,Auto,2022-03-06,2023-03-06,361.21
P0640,249,Car,2021-12-13,NULL,2547.69
P0641,957,Home,2020-11-23,NULL,2413.13
P0642,845,Life,2022-07-16,NULL,762.46
P0643,742,Car,2021-01-27,NULL,2342.25
P0644,508,Home,2020-11-24,NULL,793.76
P0645,604,Life,2021-10-24,NULL,1760.18
P0646,533,Car,2020-05-30,NULL,882.83
P0647,316,Home,2020-04-27,NULL,2101.41
P0648,851,Life,2020-11-28,NULL,776.79
P0649,556,Car,2021-03-21,NULL,1905.34
P065,65,Life,2022-03-07,2023-03-07,386.34
P0650,474,Home,2021-11-11,NULL,2953.92
P0651,867,Life,2021-01-24,NULL,1369.23
P0652,570,Car,2022-03-15,NULL,1282.99
P0653,154,Home,2022-04-05,NULL,2170.22
P0654,865,Life,2020-11-12,NULL,2976.85
P0655,4,Car,2020-02-16,NULL,1051.90
P0656,965,Home,2020-06-09,NULL,2777.08
P0657,72,Life,2021-09-16,NULL,2765.35
P0658,659,Car,2021-07-28,NULL,2746.67
P0659,769,Home,2020-05-26,NULL,1568.82
P066,66,Home,2022-03-08,2023-03-08,548.07
P0660,698,Life,2020-07-25,NULL,2845.97
P0661,73,Car,2021-07-03,NULL,1819.55
P0662,992,Home,2021-01-07,NULL,2722.36
P0663,328,Life,2022-08-27,NULL,2660.74
P0664,414,Car,2021-04-21,NULL,855.83
P0665,282,Home,2022-09-05,NULL,626.10
P0666,316,Life,2021-03-03,NULL,980.77
P0667,678,Car,2022-03-22,NULL,556.71
P0668,681,Home,2020-11-28,NULL,2055.74
P0669,114,Life,2021-12-03,NULL,927.76
P067,67,Auto,2022-03-09,2023-03-09,581.35
P0670,748,Car,2020-08-13,NULL,2716.02
P0671,755,Home,2020-04-20,NULL,1231.81
P0672,131,Life,2022-02-14,NULL,1712.28
P0673,99,Car,2020-02-06,NULL,2723.24
P0674,336,Home,2020-01-12,NULL,627.80
P0675,221,Life,2022-08-05,NULL,696.14
P0676,549,Car,2021-05-23,NULL,2740.43
P0677,956,Home,2020-03-29,NULL,1938.86
P0678,613,Life,2020-12-03,NULL,2617.45
P0679,224,Car,2021-07-31,NULL,1046.42
P068,68,Life,2022-03-10,2023-03-10,962.52
P0680,359,Home,2020-05-18,NULL,2042.94
P0681,670,Life,2021-05-11,NULL,1681.79
P0682,875,Car,2022-08-13,NULL,883.93
P0683,902,Home,2020-02-15,NULL,1806.06
P0684,477,Life,2022-03-26,NULL,2118.76
P0685,792,Car,2020-01-14,NULL,2236.92
P0686,433,Home,2020-03-20,NULL,747.53
P0687,257,Life,2022-09-13,NULL,905.14
P0688,852,Car,2022-02-07,NULL,1228.29
P0689,150,Home,2022-05-25,NULL,2824.64
P069,69,Home,2022-03-11,2023-03-11,668.55
P0690,22,Life,2020-11-13,NULL,1807.59
P0691,663,Car,2022-01-15,NULL,2341.71
P0692,449,Home,2020-02-01,NULL,2531.83
P0693,970,Life,2021-02-11,NULL,819.94
P0694,419,Car,2021-12-11,NULL,1235.64
P0695,341,Home,2022-04-01,NULL,712.58
P0696,961,Life,2021-07-01,NULL,2643.89
P0697,645,Car,2021-10-10,NULL,1272.01
P0698,600,Home,2020-03-10,NULL,1875.59
P0699,543,Life,2020-03-02,NULL,2203.07
P070,70,Auto,2022-03-12,2023-03-12,855.20
P0700,221,Car,2020-03-01,NULL,2104.27
P0701,26,Home,2020-07-23,NULL,2859.03
P0702,106,Life,2021-11-26,NULL,906.86
P0703,727,Car,2020-05-24,NULL,1855.21
P0704,278,Home,2022-01-30,NULL,2931.48
P0705,580,Life,2022-09-09,NULL,927.58
P0706,909,Car,2020-01-30,NULL,1556.74
P0707,25,Home,2022-05-04,NULL,994.43
P0708,427,Life,2021-06-21,NULL,1522.18
P0709,432,Car,2022-07-22,NULL,1424.60
P071,71,Life,2022-03-13,2023-03-13,570.35
P0710,50,Home,2020-05-19,NULL,1868.91
P0711,320,Life,2022-08-13,NULL,2548.85
P0712,231,Car,2021-11-25,NULL,2447.76
P0713,814,Home,2021-12-29,NULL,1002.07
P0714,821,Life,2021-05-13,NULL,575.78
P0715,658,Car,2020-07-13,NULL,506.39
P0716,429,Home,2020-05-14,NULL,1465.22
P0717,528,Life,2021-04-25,NULL,2545.40
P0718,651,Car,2022-03-06,NULL,570.79
P0719,755,Home,2021-11-18,NULL,937.15
P072,72,Home,2022-03-14,2023-03-14,686.16
P0720,812,Life,2021-06-15,NULL,1060.62
P0721,527,Car,2022-08-17,NULL,1046.48
P0722,215,Home,2021-02-19,NULL,1581.86
P0723,919,Life,2020-10-21,NULL,2294.15
P0724,705,Car,2021-01-03,NULL,2321.61
P0725,539,Home,2021-05-20,NULL,2787.06
P0726,57,Life,2021-06-20,NULL,1781.41
P0727,955,Car,2020-08-21,NULL,1262.01
P0728,824,Home,2020-07-22,NULL,1862.77
P0729,117,Life,2022-08-03,NULL,1447.57
P073,73,Auto,2022-03-15,2023-03-15,719.74
P0730,59,Car,2020-06-05,NULL,2010.45
P0731,553,Home,2022-08-09,NULL,751.33
P0732,648,Life,2022-07-23,NULL,2324.56
P0733,847,Car,2020-02-12,NULL,2179.06
P0734,232,Home,2020-05-23,NULL,561.61
P0735,692,Life,2021-01-17,NULL,2594.15
P0736,42,Car,2021-11-25,NULL,1368.58
P0737,655,Home,2020-08-15,NULL,943.96
P0738,205,Life,2021-05-02,NULL,2565.14
P0739,668,Car,2022-05-08,NULL,1223.95
P074,74,Life,2022-03-16,2023-03-16,540.23
P0740,874,Home,2021-05-11,NULL,2657.06
P0741,825,Life,2021-06-20,NULL,1018.54
P0742,428,Car,2021-05-30,NULL,1242.16
P0743,937,Home,2022-03-02,NULL,872.16
P0744,370,Life,2021-02-04,NULL,2734.15
P0745,268,Car,2021-10-17,NULL,1684.10
P0746,404,Home,2021-08-17,NULL,2406.11
P0747,30,Life,2022-05-09,NULL,1018.11
P0748,460,Car,2021-11-05,NULL,2983.82
P0749,945,Home,2022-01-14,NULL,2716.38
P075,75,Home,2022-03-17,2023-03-17,941.91
P0750,200,Life,2020-12-05,NULL,747.28
P0751,476,Car,2020-03-21,NULL,2940.30
P0752,640,Home,2020-09-24,NULL,1547.03
P0753,293,Life,2020-07-24,NULL,874.63
P0754,134,Car,2020-08-03,NULL,2200.91
P0755,755,Home,2021-12-30,NULL,1457.86
P0756,729,Life,2021-05-08,NULL,1204.26
P0757,929,Car,2022-03-06,NULL,978.88
P0758,573,Home,2020-10-14,NULL,2295.37
P0759,730,Life,2021-05-08,NULL,1199.78
P076,76,Auto,2022-03-18,2023-03-18,688.85
P0760,919,Car,2022-01-21,NULL,507.04
P0761,760,Home,2022-02-28,NULL,2169.48
P0762,972,Life,2022-05-02,NULL,1368.52
P0763,181,Car,2022-05-10,NULL,2405.76
P0764,230,Home,2022-05-08,NULL,2010.68
P0765,447,Life,2021-02-23,NULL,2398.54
P0766,538,Car,2021-02-14,NULL,1595.28
P0767,960,Home,2021-04-29,NULL,1861.90
P0768,270,Life,2021-12-12,NULL,2379.32
P0769,623,Car,2022-05-09,NULL,1574.46
P077,77,Life,2022-03-19,2023-03-19,318.55
P0770,570,Home,2021-07-13,NULL,715.32
P0771,754,Life,2021-05-24,NULL,1215.02
P0772,903,Car,2021-10-14,NULL,1887.83
P0773,819,Home,2021-03-04,NULL,2220.89
P0774,155,Life,2021-12-09,NULL,699.67
P0775,273,Car,2020-05-04,NULL,2509.94
P0776,647,Home,2022-03-31,NULL,904.08
P0777,348,Life,2020-09-10,NULL,1058.13
P0778,357,Car,2020-04-23,NULL,1740.03
P0779,141,Home,2020-08-03,NULL,2133.22
P078,78,Home,2022-03-20,2023-03-20,626.18
P0780,622,Life,2020-05-26,NULL,2676.92
P0781,913,Car,2022-08-10,NULL,556.90
P0782,257,Home,2020-08-04,NULL,1274.90
P0783,902,Life,2021-07-31,NULL,955.77
P0784,180,Car,2020-12-16,NULL,1039.23
P0785,26,Home,2021-04-27,NULL,1332.75
P0786,220,Life,2020-04-06,NULL,2560.74
P0787,833,Car,2021-11-20,NULL,2875.25
P0788,682,Home,2021-07-13,NULL,2379.89
P0789,82,Life,2020-05-29,NULL,1759.29
P079,79,Auto,2022-03-21,2023-03-21,475.25
P0790,71,Car,2022-04-21,NULL,2986.56
P0791,450,Home,2020-09-20,NULL,2923.53
P0792,57,Life,2021-01-08,NULL,2245.35
P0793,371,Car,2022-01-27,NULL,2192.34
P0794,112,Home,2021-06-12,NULL,1263.21
P0795,943,Life,2022-03-05,NULL,863.24
P0796,344,Car,2020-10-09,NULL,1452.78
P0797,59,Home,2020-05-28,NULL,1914.93
P0798,386,Life,2020-08-16,NULL,2969.01
P0799,252,Car,2020-10-23,NULL,2317.95
P080,80,Life,2022-03-22,2023-03-22,897.70
P0800,747,Home,2021-07-03,NULL,1773.08
P0801,898,Life,2022-08-17,NULL,761.45
P0802,645,Car,2022-06-29,NULL,2042.86
P0803,355,Home,2022-07-11,NULL,1869.59
P0804,972,Life,2020-08-03,NULL,909.98
P0805,173,Car,2021-01-03,NULL,1319.78
P0806,533,Home,2021-11-11,NULL,2512.62
P0807,983,Life,2021-05-14,NULL,1875.51
P0808,252,Car,2021-08-29,NULL,1200.43
P0809,581,Home,2020-02-29,NULL,1895.34
P081,81,Home,2022-03-23,2023-03-23,662.75
P0810,612,Life,2021-01-19,NULL,715.38
P0811,278,Car,2020-05-11,NULL,2556.23
P0812,719,Home,2020-05-05,NULL,1683.38
P0813,990,Life,2021-06-09,NULL,2152.42
P0814,728,Car,2021-10-18,NULL,742.18
P0815,517,Home,2020-10-17,NULL,2759.46
P0816,648,Life,2021-06-09,NULL,2217.56
P0817,858,Car,2020-08-14,NULL,1899.27
P0818,120,Home,2022-07-05,NULL,1067.53
P0819,385,Life,2020-08-28,NULL,621.79
P082,82,Auto,2022-03-24,2023-03-24,320.64
P0820,523,Car,2021-04-12,NULL,2419.63
P0821,438,Home,2022-06-04,NULL,782.31
P0822,909,Life,2020-07-24,NULL,1254.94
P0823,893,Car,2021-07-11,NULL,772.39
P0824,873,Home,2020-02-06,NULL,1907.81
P0825,708,Life,2022-04-25,NULL,770.11
P0826,3,Car,2021-11-20,NULL,1597.93
P0827,128,Home,2020-11-15,NULL,1041.70
P0828,124,Life,2022-08-27,NULL,1692.18
P0829,476,Car,2022-08-02,NULL,1248.45
P083,83,Life,2022-03-25,2023-03-25,714.97
P0830,663,Home,2021-02-16,NULL,687.15
P0831,138,Life,2021-04-08,NULL,2763.90
P0832,137,Car,2022-08-24,NULL,1558.88
P0833,218,Home,2022-03-28,NULL,1585.30
P0834,719,Life,2020-10-16,NULL,1234.32
P0835,600,Car,2020-04-24,NULL,2442.28
P0836,540,Home,2021-01-03,NULL,1055.73
P0837,7,Life,2020-12-31,NULL,2517.03
P0838,939,Car,2020-09-28,NULL,1857.27
P0839,900,Home,2022-05-19,NULL,2122.24
P084,84,Home,2022-03-26,2023-03-26,912.91
P0840,636,Life,2020-08-20,NULL,1132.95
P0841,570,Car,2020-03-29,NULL,2335.85
P0842,406,Home,2022-04-05,NULL,2777.95
P0843,79,Life,2021-10-22,NULL,668.54
P0844,355,Car,2021-07-25,NULL,2478.55
P0845,244,Home,2022-04-24,NULL,1733.01
P0846,932,Life,2020-06-25,NULL,720.37
P0847,912,Car,2020-10-21,NULL,2338.56
P0848,795,Home,2022-02-06,NULL,1634.40
P0849,966,Life,2021-04-13,NULL,1610.98
P085,85,Auto,2022-03-27,2023-03-27,719.65
P0850,817,Car,2022-01-19,NULL,1249.83
P0851,250,Home,2020-12-15,NULL,2990.12
P0852,934,Life,2021-11-07,NULL,1964.23
P0853,898,Car,2021-12-31,NULL,2904.83
P0854,617,Home,2020-07-17,NULL,852.59
P0855,111,Life,2020-05-08,NULL,1276.84
P0856,169,Car,2022-06-30,NULL,627.11
P0857,521,Home,2021-03-23,NULL,2193.80
P0858,46,Life,2020-07-11,NULL,2571.88
P0859,566,Car,2020-12-06,NULL,518.17
P086,86,Life,2022-03-28,2023-03-28,559.52
P0860,15,Home,2020-02-19,NULL,1012.52
P0861,877,Life,2022-02-05,NULL,1011.25
P0862,723,Car,2022-09-25,NULL,2562.27
P0863,130,Home,2020-06-20,NULL,1677.86
P0864,841,Life,2022-02-26,NULL,1547.44
P0865,731,Car,2021-02-02,NULL,2493.30
P0866,793,Home,2021-07-24,NULL,1683.32
P0867,657,Life,2022-05-11,NULL,1346.39
P0868,109,Car,2021-06-09,NULL,1261.92
P0869,946,Home,2022-03-26,NULL,1100.66
P087,87,Home,2022-03-29,2023-03-29,338.65
P0870,755,Life,2020-02-21,NULL,2980.67
P0871,809,Car,2020-03-04,NULL,2735.89
P0872,281,Home,2021-12-20,NULL,2393.40
P0873,628,Life,2022-05-14,NULL,1603.27
P0874,613,Car,2022-01-08,NULL,2639.69
P0875,64,Home,2022-01-18,NULL,1887.11
P0876,528,Life,2022-08-30,NULL,1197.37
P0877,479,Car,2021-07-07,NULL,1337.22
P0878,13,Home,2020-02-29,NULL,1148.42
P0879,119,Life,2022-03-23,NULL,2269.03
P088,88,Auto,2022-03-30,2023-03-30,414.71
P0880,101,Car,2021-01-16,NULL,2015.22
P0881,886,Home,2021-08-30,NULL,1454.09
P0882,86,Life,2020-10-11,NULL,915.89
P0883,978,Car,2021-01-22,NULL,510.51
P0884,860,Home,2020-10-11,NULL,2611.66
P0885,370,Life,2020-11-09,NULL,1649.06
P0886,358,Car,2021-02-11,NULL,2910.03
P0887,599,Home,2020-04-11,NULL,2277.85
P0888,252,Life,2020-05-03,NULL,2657.37
P0889,945,Car,2020-05-13,NULL,2587.20
P089,89,Life,2022-03-31,2023-03-31,757.59
P0890,774,Home,2020-12-28,NULL,1727.23
P0891,368,Life,2021-01-01,NULL,2323.81
P0892,548,Car,2021-07-04,NULL,769.81
P0893,889,Home,2020-04-30,NULL,2842.20
P0894,323,Life,2022-03-11,NULL,590.70
P0895,780,Car,2022-02-28,NULL,2016.56
P0896,666,Home,2021-05-24,NULL,1875.95
P0897,224,Life,2021-04-09,NULL,2128.91
P0898,866,Car,2021-01-07,NULL,1161.77
P0899,208,Home,2020-08-29,NULL,1961.39
P090,90,Home,2022-04-01,2023-04-01,843.80
P0900,200,Life,2020-08-31,NULL,2043.43
P0901,358,Car,2022-07-24,NULL,2016.49
P0902,226,Home,2020-11-02,NULL,2646.40
P0903,373,Life,2020-10-11,NULL,1266.83
P0904,680,Car,2021-04-24,NULL,1393.95
P0905,350,Home,2021-11-05,NULL,1311.41
P0906,600,Life,2020-01-22,NULL,1276.56
P0907,489,Car,2021-05-25,NULL,716.55
P0908,902,Home,2020-09-06,NULL,1857.06
P0909,965,Life,2020-07-15,NULL,718.26
P091,91,Auto,2022-04-02,2023-04-02,946.23
P0910,848,Car,2022-08-31,NULL,1320.08
P0911,719,Home,2021-08-31,NULL,2713.24
P0912,603,Life,2020-12-20,NULL,2917.33
P0913,771,Car,2022-08-10,NULL,1628.77
P0914,400,Home,2021-10-04,NULL,533.83
P0915,141,Life,2021-10-24,NULL,2729.75
P0916,472,Car,2021-11-11,NULL,2966.74
P0917,894,Home,2021-05-21,NULL,2636.04
P0918,752,Life,2020-07-12,NULL,2281.04
P0919,983,Car,2022-02-13,NULL,2810.16
P092,92,Life,2022-04-03,2023-04-03,499.74
P0920,298,Home,2021-12-17,NULL,2224.83
P0921,300,Life,2021-03-04,NULL,1112.38
P0922,939,Car,2022-08-14,NULL,2919.50
P0923,970,Home,2022-08-01,NULL,2525.93
P0924,221,Life,2021-11-03,NULL,2247.60
P0925,479,Car,2020-10-22,NULL,607.83
P0926,329,Home,2021-05-27,NULL,1941.10
P0927,346,Life,2022-09-24,NULL,2876.97
P0928,762,Car,2022-08-14,NULL,1747.70
P0929,625,Home,2021-09-17,NULL,1138.06
P093,93,Home,2022-04-04,2023-04-04,760.01
P0930,399,Life,2020-08-15,NULL,2856.80
P0931,31,Car,2020-11-19,NULL,1816.29
P0932,663,Home,2021-12-31,NULL,2169.51
P0933,147,Life,2021-12-30,NULL,1020.70
P0934,853,Car,2021-09-29,NULL,2079.22
P0935,245,Home,2020-11-25,NULL,2778.43
P0936,570,Life,2020-04-22,NULL,2635.32
P0937,934,Car,2020-04-14,NULL,2308.09
P0938,303,Home,2020-12-06,NULL,2493.56
P0939,965,Life,2021-03-08,NULL,1166.38
P094,94,Auto,2022-04-05,2023-04-05,600.85
P0940,36,Car,2021-01-15,NULL,2484.25
P0941,828,Home,2022-01-26,NULL,1247.55
P0942,227,Life,2020-08-22,NULL,1729.26
P0943,757,Car,2020-11-02,NULL,1156.71
P0944,395,Home,2020-07-03,NULL,2346.88
P0945,141,Life,2021-04-30,NULL,518.84
P0946,581,Car,2022-05-29,NULL,2141.62
P0947,645,Home,2020-09-09,NULL,1321.03
P0948,885,Life,2021-03-15,NULL,1858.36
P0949,398,Car,2020-12-24,NULL,2000.88
P095,95,Life,2022-04-06,2023-04-06,424.22
P0950,926,Home,2022-04-06,NULL,1394.45
P0951,309,Life,2021-04-12,NULL,1532.15
P0952,662,Car,2020-03-11,NULL,1422.23
P0953,632,Home,2020-02-21,NULL,1410.07
P0954,665,Life,2020-08-19,NULL,905.67
P0955,118,Car,2020-04-11,NULL,881.31
P0956,460,Home,2022-04-19,NULL,2552.22
P0957,585,Life,2021-04-06,NULL,1882.06
P0958,380,Car,2020-08-28,NULL,654.52
P0959,589,Home,2022-01-26,NULL,546.20
P096,96,Home,2022-04-07,2023-04-07,718.55
P0960,823,Life,2020-02-25,NULL,2523.63
P0961,882,Car,2022-09-07,NULL,1143.04
P0962,345,Home,2022-08-09,NULL,2305.44
P0963,758,Life,2021-09-12,NULL,2573.39
P0964,286,Car,2022-07-30,NULL,2624.16
P0965,424,Home,2021-07-24,NULL,1951.10
P0966,191,Life,2020-08-01,NULL,1735.95
P0967,832,Car,2021-11-05,NULL,2696.44
P0968,369,Home,2020-07-27,NULL,2844.53
P0969,63,Life,2021-05-13,NULL,1258.50
P097,97,Auto,2022-04-08,2023-04-08,620.09
P0970,23,Car,2020-07-22,NULL,2877.39
P0971,144,Home,2022-05-12,NULL,2711.74
P0972,836,Life,2021-06-05,NULL,750.09
P0973,938,Car,2021-01-20,NULL,790.25
P0974,425,Home,2022-02-10,NULL,1967.26
P0975,620,Life,2020-12-01,NULL,2544.52
P0976,84,Car,2022-08-23,NULL,1945.22
P0977,993,Home,2020-08-16,NULL,915.40
P0978,145,Life,2020-08-11,NULL,2210.81
P0979,752,Car,2021-12-03,NULL,1149.26
P098,98,Life,2022-04-09,2023-04-09,644.81
P0980,191,Home,2020-06-23,NULL,1249.27
P0981,976,Life,2022-09-05,NULL,2911.11
P0982,888,Car,2021-06-29,NULL,658.62
P0983,682,Home,2020-08-03,NULL,589.76
P0984,532,Life,2021-07-04,NULL,897.69
P0985,143,Car,2020-08-25,NULL,2392.02
P0986,73,Home,2020-04-03,NULL,1124.07
P0987,968,Life,2020-03-28,NULL,1841.19
P0988,420,Car,2021-05-02,NULL,945.56
P0989,430,Home,2021-09-04,NULL,2432.83
P099,99,Home,2022-04-10,2023-04-10,363.77
P0990,29,Life,2022-04-05,NULL,596.41
P0991,718,Car,2021-04-17,NULL,1026.43
P0992,635,Home,2021-06-25,NULL,2511.38
P0993,398,Life,2021-07-28,NULL,2196.74
P0994,671,Car,2020-11-12,NULL,1931.99
P0995,914,Home,2022-04-27,NULL,1747.29
P0996,952,Life,2020-09-17,NULL,1619.11
P0997,458,Car,2022-07-31,NULL,1351.74
P0998,877,Home,2020-12-25,NULL,923.40
P0999,768,Life,2020-11-26,NULL,1375.25
P100,100,Auto,2022-04-11,2023-04-11,984.41
P1000,759,Car,2022-01-12,NULL,1588.12
P101,101,Life,2022-04-12,2023-04-12,730.77
P102,102,Home,2022-04-13,2023-04-13,400.59
P103,103,Auto,2022-04-14,2023-04-14,910.64
P104,104,Life,2022-04-15,2023-04-15,951.44
P105,105,Home,2022-04-16,2023-04-16,325.27
P106,106,Auto,2022-04-17,2023-04-17,572.03
P107,107,Life,2022-04-18,2023-04-18,884.36
P108,108,Home,2022-04-19,2023-04-19,305.68
P109,109,Auto,2022-04-20,2023-04-20,675.34
P110,110,Life,2022-04-21,2023-04-21,759.66
P111,111,Home,2022-04-22,2023-04-22,772.26
P112,112,Auto,2022-04-23,2023-04-23,582.32
P113,113,Life,2022-04-24,2023-04-24,994.83
P114,114,Home,2022-04-25,2023-04-25,827.18
P115,115,Auto,2022-04-26,2023-04-26,851.40
P116,116,Life,2022-04-27,2023-04-27,775.46
P117,117,Home,2022-04-28,2023-04-28,323.11
P118,118,Auto,2022-04-29,2023-04-29,389.17
P119,119,Life,2022-04-30,2023-04-30,676.50
P120,120,Home,2022-05-01,2023-05-01,515.00
P121,121,Auto,2022-05-02,2023-05-02,945.52
P122,122,Life,2022-05-03,2023-05-03,782.58
P123,123,Home,2022-05-04,2023-05-04,776.33
P124,124,Auto,2022-05-05,2023-05-05,533.92
P125,125,Life,2022-05-06,2023-05-06,740.63
P126,126,Home,2022-05-07,2023-05-07,401.37
P127,127,Auto,2022-05-08,2023-05-08,884.97
P128,128,Life,2022-05-09,2023-05-09,820.72
P129,129,Home,2022-05-10,2023-05-10,448.70
P130,130,Auto,2022-05-11,2023-05-11,881.34
P131,131,Life,2022-05-12,2023-05-12,660.61
P132,132,Home,2022-05-13,2023-05-13,359.04
P133,133,Auto,2022-05-14,2023-05-14,913.35
P134,134,Life,2022-05-15,2023-05-15,389.65
P135,135,Home,2022-05-16,2023-05-16,308.20
P136,136,Auto,2022-05-17,2023-05-17,772.06
P137,137,Life,2022-05-18,2023-05-18,535.70
P138,138,Home,2022-05-19,2023-05-19,762.30
P139,139,Auto,2022-05-20,2023-05-20,504.42
P140,140,Life,2022-05-21,2023-05-21,635.20
P141,141,Home,2022-05-22,2023-05-22,662.73
P142,142,Auto,2022-05-23,2023-05-23,408.06
P143,143,Life,2022-05-24,2023-05-24,452.11
P144,144,Home,2022-05-25,2023-05-25,736.36
P145,145,Auto,2022-05-26,2023-05-26,625.48
P146,146,Life,2022-05-27,2023-05-27,618.31
P147,147,Home,2022-05-28,2023-05-28,915.09
P148,148,Auto,2022-05-29,2023-05-29,320.55
P149,149,Life,2022-05-30,2023-05-30,657.48
P150,150,Home,2022-05-31,2023-05-31,625.76
P151,151,Auto,2022-06-01,2023-06-01,856.37
P152,152,Life,2022-06-02,2023-06-02,704.54
P153,153,Home,2022-06-03,2023-06-03,653.61
P154,154,Auto,2022-06-04,2023-06-04,854.42
P155,155,Life,2022-06-05,2023-06-05,611.28
P156,156,Home,2022-06-06,2023-06-06,893.14
P157,157,Auto,2022-06-07,2023-06-07,931.87
P158,158,Life,2022-06-08,2023-06-08,979.93
P159,159,Home,2022-06-09,2023-06-09,404.04
P160,160,Auto,2022-06-10,2023-06-10,880.39
P161,161,Life,2022-06-11,2023-06-11,789.83
P162,162,Home,2022-06-12,2023-06-12,307.99
P163,163,Auto,2022-06-13,2023-06-13,970.45
P164,164,Life,2022-06-14,2023-06-14,828.27
P165,165,Home,2022-06-15,2023-06-15,930.01
P166,166,Auto,2022-06-16,2023-06-16,465.23
P167,167,Life,2022-06-17,2023-06-17,636.12
P168,168,Home,2022-06-18,2023-06-18,784.91
P169,169,Auto,2022-06-19,2023-06-19,316.19
P170,170,Life,2022-06-20,2023-06-20,326.24
P171,171,Home,2022-06-21,2023-06-21,382.61
P172,172,Auto,2022-06-22,2023-06-22,634.33
P173,173,Life,2022-06-23,2023-06-23,323.83
P174,174,Home,2022-06-24,2023-06-24,816.17
P175,175,Auto,2022-06-25,2023-06-25,709.37
P176,176,Life,2022-06-26,2023-06-26,798.33
P177,177,Home,2022-06-27,2023-06-27,863.54
P178,178,Auto,2022-06-28,2023-06-28,922.70
P179,179,Life,2022-06-29,2023-06-29,322.88
P180,180,Home,2022-06-30,2023-06-30,646.29
P181,181,Auto,2022-07-01,2023-07-01,562.81
P182,182,Life,2022-07-02,2023-07-02,575.17
P183,183,Home,2022-07-03,2023-07-03,887.45
P184,184,Auto,2022-07-04,2023-07-04,311.74
P185,185,Life,2022-07-05,2023-07-05,696.34
P186,186,Home,2022-07-06,2023-07-06,846.48
P187,187,Auto,2022-07-07,2023-07-07,443.37
P188,188,Life,2022-07-08,2023-07-08,777.40
P189,189,Home,2022-07-09,2023-07-09,856.91
P190,190,Auto,2022-07-10,2023-07-10,952.37
P191,191,Life,2022-07-11,2023-07-11,491.08
P192,192,Home,2022-07-12,2023-07-12,698.32
P193,193,Auto,2022-07-13,2023-07-13,318.35
P194,194,Life,2022-07-14,2023-07-14,596.79
P195,195,Home,2022-07-15,2023-07-15,328.90
P196,196,Auto,2022-07-16,2023-07-16,954.13
P197,197,Life,2022-07-17,2023-07-17,683.95
P198,198,Home,2022-07-18,2023-07-18,957.34
P199,199,Auto,2022-07-19,2023-07-19,334.87
P200,200,Life,2022-07-20,2023-07-20,602.35
P201,201,Home,2022-07-21,2023-07-21,307.10
P202,202,Auto,2022-07-22,2023-07-22,828.49
P203,203,Life,2022-07-23,2023-07-23,821.12
P204,204,Home,2022-07-24,2023-07-24,620.13
P205,205,Auto,2022-07-25,2023-07-25,337.29
P206,206,Life,2022-07-26,2023-07-26,926.04
P207,207,Home,2022-07-27,2023-07-27,518.37
P208,208,Auto,2022-07-28,2023-07-28,913.69
P209,209,Life,2022-07-29,2023-07-29,613.37
P210,210,Home,2022-07-30,2023-07-30,725.78
P211,211,Auto,2022-07-31,2023-07-31,788.79
P212,212,Life,2022-08-01,2023-08-01,766.62
P213,213,Home,2022-08-02,2023-08-02,466.74
P214,214,Auto,2022-08-03,2023-08-03,433.83
P215,215,Life,2022-08-04,2023-08-04,468.92
P216,216,Home,2022-08-05,2023-08-05,743.10
P217,217,Auto,2022-08-06,2023-08-06,608.77
P218,218,Life,2022-08-07,2023-08-07,514.53
P219,219,Home,2022-08-08,2023-08-08,446.32
P220,220,Auto,2022-08-09,2023-08-09,388.05
P221,221,Life,2022-08-10,2023-08-10,301.26
P222,222,Home,2022-08-11,2023-08-11,742.17
P223,223,Auto,2022-08-12,2023-08-12,407.06
P224,224,Life,2022-08-13,2023-08-13,908.79
P225,225,Home,2022-08-14,2023-08-14,922.75
P226,226,Auto,2022-08-15,2023-08-15,887.41
P227,227,Life,2022-08-16,2023-08-16,668.81
P228,228,Home,2022-08-17,2023-08-17,381.80
P229,229,Auto,2022-08-18,2023-08-18,302.56
P230,230,Life,2022-08-19,2023-08-19,767.39
P231,231,Home,2022-08-20,2023-08-20,529.28
P232,232,Auto,2022-08-21,2023-08-21,744.24
P233,233,Life,2022-08-22,2023-08-22,433.34
P234,234,Home,2022-08-23,2023-08-23,333.99
P235,235,Auto,2022-08-24,2023-08-24,769.93
P236,236,Life,2022-08-25,2023-08-25,447.69
P237,237,Home,2022-08-26,2023-08-26,328.67
P238,238,Auto,2022-08-27,2023-08-27,700.26
P239,239,Life,2022-08-28,2023-08-28,815.30
P240,240,Home,2022-08-29,2023-08-29,975.73
P241,241,Auto,2022-08-30,2023-08-30,732.72
P242,242,Life,2022-08-31,2023-08-31,436.43
P243,243,Home,2022-09-01,2023-09-01,384.00
P244,244,Auto,2022-09-02,2023-09-02,310.70
P245,245,Life,2022-09-03,2023-09-03,801.48
P246,246,Home,2022-09-04,2023-09-04,675.33
P247,247,Auto,2022-09-05,2023-09-05,672.21
P248,248,Life,2022-09-06,2023-09-06,335.03
P249,249,Home,2022-09-07,2023-09-07,758.56
P250,250,Auto,2022-09-08,2023-09-08,387.67
P251,251,Life,2022-09-09,2023-09-09,762.69
P252,252,Home,2022-09-10,2023-09-10,950.46
P253,253,Auto,2022-09-11,2023-09-11,764.21
P254,254,Life,2022-09-12,2023-09-12,669.66
P255,255,Home,2022-09-13,2023-09-13,755.68
P256,256,Auto,2022-09-14,2023-09-14,769.42
P257,257,Life,2022-09-15,2023-09-15,580.05
P258,258,Home,2022-09-16,2023-09-16,992.00
P259,259,Auto,2022-09-17,2023-09-17,819.85
P260,260,Life,2022-09-18,2023-09-18,823.26
P261,261,Home,2022-09-19,2023-09-19,656.73
P262,262,Auto,2022-09-20,2023-09-20,513.90
P263,263,Life,2022-09-21,2023-09-21,999.28
P264,264,Home,2022-09-22,2023-09-22,354.70
P265,265,Auto,2022-09-23,2023-09-23,575.65
P266,266,Life,2022-09-24,2023-09-24,814.15
P267,267,Home,2022-09-25,2023-09-25,643.82
P268,268,Auto,2022-09-26,2023-09-26,476.64
P269,269,Life,2022-09-27,2023-09-27,851.76
P270,270,Home,2022-09-28,2023-09-28,428.86
P271,271,Auto,2022-09-29,2023-09-29,689.01
P272,272,Life,2022-09-30,2023-09-30,458.48
P273,273,Home,2022-10-01,2023-10-01,625.35
P274,274,Auto,2022-10-02,2023-10-02,751.33
P275,275,Life,2022-10-03,2023-10-03,880.59
P276,276,Home,2022-10-04,2023-10-04,448.97
P277,277,Auto,2022-10-05,2023-10-05,703.06
P278,278,Life,2022-10-06,2023-10-06,468.39
P279,279,Home,2022-10-07,2023-10-07,632.76
P280,280,Auto,2022-10-08,2023-10-08,758.64
P281,281,Life,2022-10-09,2023-10-09,894.90
P282,282,Home,2022-10-10,2023-10-10,498.60
P283,283,Auto,2022-10-11,2023-10-11,908.29
P284,284,Life,2022-10-12,2023-10-12,645.64
P285,285,Home,2022-10-13,2023-10-13,903.33
P286,286,Auto,2022-10-14,2023-10-14,879.74
P287,287,Life,2022-10-15,2023-10-15,688.69
P288,288,Home,2022-10-16,2023-10-16,504.26
P289,289,Auto,2022-10-17,2023-10-17,855.22
P290,290,Life,2022-10-18,2023-10-18,363.34
P291,291,Home,2022-10-19,2023-10-19,351.03
P292,292,Auto,2022-10-20,2023-10-20,365.11
P293,293,Life,2022-10-21,2023-10-21,472.45
P294,294,Home,2022-10-22,2023-10-22,966.95
P295,295,Auto,2022-10-23,2023-10-23,317.41
P296,296,Life,2022-10-24,2023-10-24,486.18
P297,297,Home,2022-10-25,2023-10-25,478.66
P298,298,Auto,2022-10-26,2023-10-26,634.78
P299,299,Life,2022-10-27,2023-10-27,737.90
P300,300,Home,2022-10-28,2023-10-28,785.15
P301,301,Auto,2022-10-29,2023-10-29,712.05
P302,302,Life,2022-10-30,2023-10-30,904.82
P303,303,Home,2022-10-31,2023-10-31,687.95
P304,304,Auto,2022-11-01,2023-11-01,425.27
P305,305,Life,2022-11-02,2023-11-02,462.49
P306,306,Home,2022-11-03,2023-11-03,736.66
P307,307,Auto,2022-11-04,2023-11-04,595.81
P308,308,Life,2022-11-05,2023-11-05,469.07
P309,309,Home,2022-11-06,2023-11-06,957.94
P310,310,Auto,2022-11-07,2023-11-07,982.49
P311,311,Life,2022-11-08,2023-11-08,338.63
P312,312,Home,2022-11-09,2023-11-09,545.67
P313,313,Auto,2022-11-10,2023-11-10,712.45
P314,314,Life,2022-11-11,2023-11-11,925.27
P315,315,Home,2022-11-12,2023-11-12,788.97
P316,316,Auto,2022-11-13,2023-11-13,869.06
P317,317,Life,2022-11-14,2023-11-14,978.37
P318,318,Home,2022-11-15,2023-11-15,584.67
P319,319,Auto,2022-11-16,2023-11-16,388.27
P320,320,Life,2022-11-17,2023-11-17,587.31
P321,321,Home,2022-11-18,2023-11-18,771.77
P322,322,Auto,2022-11-19,2023-11-19,396.91
P323,323,Life,2022-11-20,2023-11-20,769.24
P324,324,Home,2022-11-21,2023-11-21,955.46
P325,325,Auto,2022-11-22,2023-11-22,769.57
P326,326,Life,2022-11-23,2023-11-23,681.48
P327,327,Home,2022-11-24,2023-11-24,798.70
P328,328,Auto,2022-11-25,2023-11-25,949.04
P329,329,Life,2022-11-26,2023-11-26,649.13
P330,330,Home,2022-11-27,2023-11-27,798.50
P331,331,Auto,2022-11-28,2023-11-28,345.12
P332,332,Life,2022-11-29,2023-11-29,430.12
P333,333,Home,2022-11-30,2023-11-30,815.21
P334,334,Auto,2022-12-01,2023-12-01,385.70
P335,335,Life,2022-12-02,2023-12-02,582.86
P336,336,Home,2022-12-03,2023-12-03,757.20
P337,337,Auto,2022-12-04,2023-12-04,337.42
P338,338,Life,2022-12-05,2023-12-05,515.52
P339,339,Home,2022-12-06,2023-12-06,565.31
P340,340,Auto,2022-12-07,2023-12-07,980.01
P341,341,Life,2022-12-08,2023-12-08,804.14
P342,342,Home,2022-12-09,2023-12-09,780.64
P343,343,Auto,2022-12-10,2023-12-10,490.77
P344,344,Life,2022-12-11,2023-12-11,511.94
P345,345,Home,2022-12-12,2023-12-12,787.38
P346,346,Auto,2022-12-13,2023-12-13,701.07
P347,347,Life,2022-12-14,2023-12-14,843.22
P348,348,Home,2022-12-15,2023-12-15,412.88
P349,349,Auto,2022-12-16,2023-12-16,634.76
P350,350,Life,2022-12-17,2023-12-17,935.16
P351,351,Home,2022-12-18,2023-12-18,371.49
P352,352,Auto,2022-12-19,2023-12-19,852.00
P353,353,Life,2022-12-20,2023-12-20,745.54
P354,354,Home,2022-12-21,2023-12-21,871.69
P355,355,Auto,2022-12-22,2023-12-22,421.81
P356,356,Life,2022-12-23,2023-12-23,594.00
P357,357,Home,2022-12-24,2023-12-24,704.57
P358,358,Auto,2022-12-25,2023-12-25,740.86
P359,359,Life,2022-12-26,2023-12-26,590.58
P360,360,Home,2022-12-27,2023-12-27,430.32
P361,361,Auto,2022-12-28,2023-12-28,779.87
P362,362,Life,2022-12-29,2023-12-29,908.39
P363,363,Home,2022-12-30,2023-12-30,502.35
P364,364,Auto,2022-12-31,2023-12-31,886.57
P365,365,Life,2023-01-01,2024-01-01,525.82
P366,366,Home,2023-01-02,2024-01-02,369.37
P367,367,Auto,2023-01-03,2024-01-03,669.38
P368,368,Life,2023-01-04,2024-01-04,538.79
P369,369,Home,2023-01-05,2024-01-05,385.80
P370,370,Auto,2023-01-06,2024-01-06,712.65
P371,371,Life,2023-01-07,2024-01-07,705.83
P372,372,Home,2023-01-08,2024-01-08,391.22
P373,373,Auto,2023-01-09,2024-01-09,938.59
P374,374,Life,2023-01-10,2024-01-10,419.31
P375,375,Home,2023-01-11,2024-01-11,380.79
P376,376,Auto,2023-01-12,2024-01-12,346.00
P377,377,Life,2023-01-13,2024-01-13,987.65
P378,378,Home,2023-01-14,2024-01-14,800.24
P379,379,Auto,2023-01-15,2024-01-15,738.27
P380,380,Life,2023-01-16,2024-01-16,990.61
P381,381,Home,2023-01-17,2024-01-17,338.25
P382,382,Auto,2023-01-18,2024-01-18,519.43
P383,383,Life,2023-01-19,2024-01-19,582.38
P384,384,Home,2023-01-20,2024-01-20,353.63
P385,385,Auto,2023-01-21,2024-01-21,421.01
P386,386,Life,2023-01-22,2024-01-22,744.15
P387,387,Home,2023-01-23,2024-01-23,757.72
P388,388,Auto,2023-01-24,2024-01-24,556.13
P389,389,Life,2023-01-25,2024-01-25,907.52
P390,390,Home,2023-01-26,2024-01-26,469.22
P391,391,Auto,2023-01-27,2024-01-27,723.52
P392,392,Life,2023-01-28,2024-01-28,509.95
P393,393,Home,2023-01-29,2024-01-29,779.20
P394,394,Auto,2023-01-30,2024-01-30,666.13
P395,395,Life,2023-01-31,2024-01-31,693.05
P396,396,Home,2023-02-01,2024-02-01,466.87
P397,397,Auto,2023-02-02,2024-02-02,655.18
P398,398,Life,2023-02-03,2024-02-03,875.29
P399,399,Home,2023-02-04,2024-02-04,710.92
P400,400,Auto,2023-02-05,2024-02-05,628.72
P401,401,Life,2023-02-06,2024-02-06,710.85
P402,402,Home,2023-02-07,2024-02-07,668.09
P403,403,Auto,2023-02-08,2024-02-08,907.88
P404,404,Life,2023-02-09,2024-02-09,835.16
P405,405,Home,2023-02-10,2024-02-10,452.14
P406,406,Auto,2023-02-11,2024-02-11,855.21
P407,407,Life,2023-02-12,2024-02-12,519.65
P408,408,Home,2023-02-13,2024-02-13,432.61
P409,409,Auto,2023-02-14,2024-02-14,304.11
P410,410,Life,2023-02-15,2024-02-15,622.72
P411,411,Home,2023-02-16,2024-02-16,501.26
P412,412,Auto,2023-02-17,2024-02-17,338.16
P413,413,Life,2023-02-18,2024-02-18,587.01
P414,414,Home,2023-02-19,2024-02-19,920.58
P415,415,Auto,2023-02-20,2024-02-20,441.85
P416,416,Life,2023-02-21,2024-02-21,547.51
P417,417,Home,2023-02-22,2024-02-22,411.99
P418,418,Auto,2023-02-23,2024-02-23,817.44
P419,419,Life,2023-02-24,2024-02-24,451.21
P420,420,Home,2023-02-25,2024-02-25,903.73
P421,421,Auto,2023-02-26,2024-02-26,765.01
P422,422,Life,2023-02-27,2024-02-27,813.87
P423,423,Home,2023-02-28,2024-02-28,774.33
P424,424,Auto,2023-03-01,2024-02-29,430.04
P425,425,Life,2023-03-02,2024-03-01,927.22
P426,426,Home,2023-03-03,2024-03-02,945.98
P427,427,Auto,2023-03-04,2024-03-03,948.23
P428,428,Life,2023-03-05,2024-03-04,903.22
P429,429,Home,2023-03-06,2024-03-05,671.40
P430,430,Auto,2023-03-07,2024-03-06,347.33
P431,431,Life,2023-03-08,2024-03-07,822.46
P432,432,Home,2023-03-09,2024-03-08,670.29
P433,433,Auto,2023-03-10,2024-03-09,584.10
P434,434,Life,2023-03-11,2024-03-10,609.63
P435,435,Home,2023-03-12,2024-03-11,995.84
P436,436,Auto,2023-03-13,2024-03-12,750.33
P437,437,Life,2023-03-14,2024-03-13,464.12
P438,438,Home,2023-03-15,2024-03-14,469.61
P439,439,Auto,2023-03-16,2024-03-15,655.69
P440,440,Life,2023-03-17,2024-03-16,869.63
P441,441,Home,2023-03-18,2024-03-17,681.06
P442,442,Auto,2023-03-19,2024-03-18,496.41
P443,443,Life,2023-03-20,2024-03-19,838.89
P444,444,Home,2023-03-21,2024-03-20,305.23
P445,445,Auto,2023-03-22,2024-03-21,809.46
P446,446,Life,2023-03-23,2024-03-22,731.60
P447,447,Home,2023-03-24,2024-03-23,929.62
P448,448,Auto,2023-03-25,2024-03-24,753.31
P449,449,Life,2023-03-26,2024-03-25,677.70
P450,450,Home,2023-03-27,2024-03-26,828.55
P451,451,Auto,2023-03-28,2024-03-27,409.64
P452,452,Life,2023-03-29,2024-03-28,662.57
P453,453,Home,2023-03-30,2024-03-29,383.94
P454,454,Auto,2023-03-31,2024-03-30,331.97
P455,455,Life,2023-04-01,2024-03-31,908.03
P456,456,Home,2023-04-02,2024-04-01,444.23
P457,457,Auto,2023-04-03,2024-04-02,597.09
P458,458,Life,2023-04-04,2024-04-03,652.74
P459,459,Home,2023-04-05,2024-04-04,472.45
P460,460,Auto,2023-04-06,2024-04-05,804.01
P461,461,Life,2023-04-07,2024-04-06,902.70
P462,462,Home,2023-04-08,2024-04-07,401.46
P463,463,Auto,2023-04-09,2024-04-08,399.20
P464,464,Life,2023-04-10,2024-04-09,491.61
P465,465,Home,2023-04-11,2024-04-10,960.45
P466,466,Auto,2023-04-12,2024-04-11,927.42
P467,467,Life,2023-04-13,2024-04-12,755.76
P468,468,Home,2023-04-14,2024-04-13,696.53
P469,469,Auto,2023-04-15,2024-04-14,915.38
P470,470,Life,2023-04-16,2024-04-15,787.30
P471,471,Home,2023-04-17,2024-04-16,890.37
P472,472,Auto,2023-04-18,2024-04-17,389.95
P473,473,Life,2023-04-19,2024-04-18,378.66
P474,474,Home,2023-04-20,2024-04-19,423.43
P475,475,Auto,2023-04-21,2024-04-20,681.15
P476,476,Life,2023-04-22,2024-04-21,435.48
P477,477,Home,2023-04-23,2024-04-22,533.96
P478,478,Auto,2023-04-24,2024-04-23,363.35
P479,479,Life,2023-04-25,2024-04-24,614.85
P480,480,Home,2023-04-26,2024-04-25,984.23
P481,481,Auto,2023-04-27,2024-04-26,676.61
P482,482,Life,2023-04-28,2024-04-27,830.34
P483,483,Home,2023-04-29,2024-04-28,421.87
P484,484,Auto,2023-04-30,2024-04-29,718.33
P485,485,Life,2023-05-01,2024-04-30,626.04
P486,486,Home,2023-05-02,2024-05-01,675.22
P487,487,Auto,2023-05-03,2024-05-02,497.98
P488,488,Life,2023-05-04,2024-05-03,864.25
P489,489,Home,2023-05-05,2024-05-04,427.31
P490,490,Auto,2023-05-06,2024-05-05,643.78
P491,491,Life,2023-05-07,2024-05-06,937.00
P492,492,Home,2023-05-08,2024-05-07,353.64
P493,493,Auto,2023-05-09,2024-05-08,757.21
P494,494,Life,2023-05-10,2024-05-09,325.14
P495,495,Home,2023-05-11,2024-05-10,454.07
P496,496,Auto,2023-05-12,2024-05-11,994.92
P497,497,Life,2023-05-13,2024-05-12,512.41
P498,498,Home,2023-05-14,2024-05-13,677.27
P499,499,Auto,2023-05-15,2024-05-14,849.11
P500,500,Life,2023-05-16,2024-05-15,513.76
P501,501,Home,2023-05-17,2024-05-16,421.48
P502,502,Auto,2023-05-18,2024-05-17,966.10
P503,503,Life,2023-05-19,2024-05-18,466.08
P504,504,Home,2023-05-20,2024-05-19,532.11
P505,505,Auto,2023-05-21,2024-05-20,962.28
P506,506,Life,2023-05-22,2024-05-21,815.07
P507,507,Home,2023-05-23,2024-05-22,888.50
P508,508,Auto,2023-05-24,2024-05-23,997.31
P509,509,Life,2023-05-25,2024-05-24,621.05
P510,510,Home,2023-05-26,2024-05-25,513.31
P511,511,Auto,2023-05-27,2024-05-26,403.42
P512,512,Life,2023-05-28,2024-05-27,877.15
P513,513,Home,2023-05-29,2024-05-28,775.48
P514,514,Auto,2023-05-30,2024-05-29,945.95
P515,515,Life,2023-05-31,2024-05-30,703.32
P516,516,Home,2023-06-01,2024-05-31,378.77
P517,517,Auto,2023-06-02,2024-06-01,883.87
P518,518,Life,2023-06-03,2024-06-02,883.06
P519,519,Home,2023-06-04,2024-06-03,763.69
P520,520,Auto,2023-06-05,2024-06-04,869.27
P521,521,Life,2023-06-06,2024-06-05,355.28
P522,522,Home,2023-06-07,2024-06-06,968.59
P523,523,Auto,2023-06-08,2024-06-07,677.12
P524,524,Life,2023-06-09,2024-06-08,879.84
P525,525,Home,2023-06-10,2024-06-09,667.83
P526,526,Auto,2023-06-11,2024-06-10,399.63
P527,527,Life,2023-06-12,2024-06-11,394.67
P528,528,Home,2023-06-13,2024-06-12,474.43
P529,529,Auto,2023-06-14,2024-06-13,888.17
P530,530,Life,2023-06-15,2024-06-14,617.56
P531,531,Home,2023-06-16,2024-06-15,823.28
P532,532,Auto,2023-06-17,2024-06-16,563.73
P533,533,Life,2023-06-18,2024-06-17,748.80
P534,534,Home,2023-06-19,2024-06-18,352.81
P535,535,Auto,2023-06-20,2024-06-19,617.64
P536,536,Life,2023-06-21,2024-06-20,329.77
P537,537,Home,2023-06-22,2024-06-21,895.92
P538,538,Auto,2023-06-23,2024-06-22,390.28
P539,539,Life,2023-06-24,2024-06-23,363.66
P540,540,Home,2023-06-25,2024-06-24,347.44
P541,541,Auto,2023-06-26,2024-06-25,346.24
P542,542,Life,2023-06-27,2024-06-26,388.86
P543,543,Home,2023-06-28,2024-06-27,605.61
P544,544,Auto,2023-06-29,2024-06-28,861.45
P545,545,Life,2023-06-30,2024-06-29,790.41
P546,546,Home,2023-07-01,2024-06-30,367.70
P547,547,Auto,2023-07-02,2024-07-01,567.28
P548,548,Life,2023-07-03,2024-07-02,733.30
P549,549,Home,2023-07-04,2024-07-03,964.64
P550,550,Auto,2023-07-05,2024-07-04,923.30
P551,551,Life,2023-07-06,2024-07-05,722.59
P552,552,Home,2023-07-07,2024-07-06,543.06
P553,553,Auto,2023-07-08,2024-07-07,947.52
P554,554,Life,2023-07-09,2024-07-08,708.44
P555,555,Home,2023-07-10,2024-07-09,399.63
P556,556,Auto,2023-07-11,2024-07-10,972.81
P557,557,Life,2023-07-12,2024-07-11,565.19
P558,558,Home,2023-07-13,2024-07-12,307.49
P559,559,Auto,2023-07-14,2024-07-13,941.88
P560,560,Life,2023-07-15,2024-07-14,686.95
P561,561,Home,2023-07-16,2024-07-15,309.08
P562,562,Auto,2023-07-17,2024-07-16,584.58
P563,563,Life,2023-07-18,2024-07-17,995.65
P564,564,Home,2023-07-19,2024-07-18,824.52
P565,565,Auto,2023-07-20,2024-07-19,835.63
P566,566,Life,2023-07-21,2024-07-20,704.62
P567,567,Home,2023-07-22,2024-07-21,716.18
P568,568,Auto,2023-07-23,2024-07-22,467.06
P569,569,Life,2023-07-24,2024-07-23,586.77
P570,570,Home,2023-07-25,2024-07-24,532.65
P571,571,Auto,2023-07-26,2024-07-25,602.95
P572,572,Life,2023-07-27,2024-07-26,416.82
P573,573,Home,2023-07-28,2024-07-27,675.22
P574,574,Auto,2023-07-29,2024-07-28,425.67
P575,575,Life,2023-07-30,2024-07-29,502.66
P576,576,Home,2023-07-31,2024-07-30,936.31
P577,577,Auto,2023-08-01,2024-07-31,773.57
P578,578,Life,2023-08-02,2024-08-01,758.90
P579,579,Home,2023-08-03,2024-08-02,473.82
P580,580,Auto,2023-08-04,2024-08-03,492.37
P581,581,Life,2023-08-05,2024-08-04,740.40
P582,582,Home,2023-08-06,2024-08-05,524.89
P583,583,Auto,2023-08-07,2024-08-06,803.24
P584,584,Life,2023-08-08,2024-08-07,741.53
P585,585,Home,2023-08-09,2024-08-08,997.95
P586,586,Auto,2023-08-10,2024-08-09,365.13
P587,587,Life,2023-08-11,2024-08-10,631.83
P588,588,Home,2023-08-12,2024-08-11,363.75
P589,589,Auto,2023-08-13,2024-08-12,323.27
P590,590,Life,2023-08-14,2024-08-13,925.10
P591,591,Home,2023-08-15,2024-08-14,555.70
P592,592,Auto,2023-08-16,2024-08-15,403.18
P593,593,Life,2023-08-17,2024-08-16,748.81
P594,594,Home,2023-08-18,2024-08-17,834.50
P595,595,Auto,2023-08-19,2024-08-18,926.07
P596,596,Life,2023-08-20,2024-08-19,426.87
P597,597,Home,2023-08-21,2024-08-20,456.12
P598,598,Auto,2023-08-22,2024-08-21,700.00
P599,599,Life,2023-08-23,2024-08-22,431.65
P600,600,Home,2023-08-24,2024-08-23,458.23
P601,601,Auto,2023-08-25,2024-08-24,696.21
P602,602,Life,2023-08-26,2024-08-25,406.37
P603,603,Home,2023-08-27,2024-08-26,343.23
P604,604,Auto,2023-08-28,2024-08-27,897.03
P605,605,Life,2023-08-29,2024-08-28,355.45
P606,606,Home,2023-08-30,2024-08-29,886.17
P607,607,Auto,2023-08-31,2024-08-30,964.51
P608,608,Life,2023-09-01,2024-08-31,464.02
P609,609,Home,2023-09-02,2024-09-01,526.57
P610,610,Auto,2023-09-03,2024-09-02,940.79
P611,611,Life,2023-09-04,2024-09-03,724.23
P612,612,Home,2023-09-05,2024-09-04,498.81
P613,613,Auto,2023-09-06,2024-09-05,721.35
P614,614,Life,2023-09-07,2024-09-06,410.30
P615,615,Home,2023-09-08,2024-09-07,987.48
P616,616,Auto,2023-09-09,2024-09-08,606.48
P617,617,Life,2023-09-10,2024-09-09,469.98
P618,618,Home,2023-09-11,2024-09-10,930.43
P619,619,Auto,2023-09-12,2024-09-11,842.22
P620,620,Life,2023-09-13,2024-09-12,419.80
P621,621,Home,2023-09-14,2024-09-13,672.35
P622,622,Auto,2023-09-15,2024-09-14,402.34
P623,623,Life,2023-09-16,2024-09-15,394.66
P624,624,Home,2023-09-17,2024-09-16,466.28
P625,625,Auto,2023-09-18,2024-09-17,847.40
P626,626,Life,2023-09-19,2024-09-18,438.18
P627,627,Home,2023-09-20,2024-09-19,748.70
P628,628,Auto,2023-09-21,2024-09-20,728.94
P629,629,Life,2023-09-22,2024-09-21,398.59
P630,630,Home,2023-09-23,2024-09-22,906.16
P631,631,Auto,2023-09-24,2024-09-23,935.01
P632,632,Life,2023-09-25,2024-09-24,956.60
P633,633,Home,2023-09-26,2024-09-25,977.95
P634,634,Auto,2023-09-27,2024-09-26,319.93
P635,635,Life,2023-09-28,2024-09-27,465.84
P636,636,Home,2023-09-29,2024-09-28,369.38
P637,637,Auto,2023-09-30,2024-09-29,849.39
P638,638,Life,2023-10-01,2024-09-30,738.80
P639,639,Home,2023-10-02,2024-10-01,845.82
P640,640,Auto,2023-10-03,2024-10-02,312.71
P641,641,Life,2023-10-04,2024-10-03,826.08
P642,642,Home,2023-10-05,2024-10-04,792.30
P643,643,Auto,2023-10-06,2024-10-05,483.23
P644,644,Life,2023-10-07,2024-10-06,439.25
P645,645,Home,2023-10-08,2024-10-07,446.57
P646,646,Auto,2023-10-09,2024-10-08,615.12
P647,647,Life,2023-10-10,2024-10-09,735.87
P648,648,Home,2023-10-11,2024-10-10,834.00
P649,649,Auto,2023-10-12,2024-10-11,962.38
P650,650,Life,2023-10-13,2024-10-12,609.92
P651,651,Home,2023-10-14,2024-10-13,562.44
P652,652,Auto,2023-10-15,2024-10-14,682.45
P653,653,Life,2023-10-16,2024-10-15,724.92
P654,654,Home,2023-10-17,2024-10-16,577.24
P655,655,Auto,2023-10-18,2024-10-17,411.45
P656,656,Life,2023-10-19,2024-10-18,725.54
P657,657,Home,2023-10-20,2024-10-19,693.35
P658,658,Auto,2023-10-21,2024-10-20,990.11
P659,659,Life,2023-10-22,2024-10-21,470.52
P660,660,Home,2023-10-23,2024-10-22,482.25
P661,661,Auto,2023-10-24,2024-10-23,699.69
P662,662,Life,2023-10-25,2024-10-24,351.69
P663,663,Home,2023-10-26,2024-10-25,759.38
P664,664,Auto,2023-10-27,2024-10-26,341.86
P665,665,Life,2023-10-28,2024-10-27,531.13
P666,666,Home,2023-10-29,2024-10-28,630.10
P667,667,Auto,2023-10-30,2024-10-29,557.10
P668,668,Life,2023-10-31,2024-10-30,595.21
P669,669,Home,2023-11-01,2024-10-31,304.76
P670,670,Auto,2023-11-02,2024-11-01,838.15
P671,671,Life,2023-11-03,2024-11-02,876.48
P672,672,Home,2023-11-04,2024-11-03,867.95
P673,673,Auto,2023-11-05,2024-11-04,710.30
P674,674,Life,2023-11-06,2024-11-05,647.66
P675,675,Home,2023-11-07,2024-11-06,807.39
P676,676,Auto,2023-11-08,2024-11-07,393.97
P677,677,Life,2023-11-09,2024-11-08,647.68
P678,678,Home,2023-11-10,2024-11-09,356.51
P679,679,Auto,2023-11-11,2024-11-10,939.48
P680,680,Life,2023-11-12,2024-11-11,527.87
P681,681,Home,2023-11-13,2024-11-12,920.91
P682,682,Auto,2023-11-14,2024-11-13,620.95
P683,683,Life,2023-11-15,2024-11-14,742.01
P684,684,Home,2023-11-16,2024-11-15,847.20
P685,685,Auto,2023-11-17,2024-11-16,309.98
P686,686,Life,2023-11-18,2024-11-17,808.30
P687,687,Home,2023-11-19,2024-11-18,711.58
P688,688,Auto,2023-11-20,2024-11-19,832.97
P689,689,Life,2023-11-21,2024-11-20,330.12
P690,690,Home,2023-11-22,2024-11-21,951.69
P691,691,Auto,2023-11-23,2024-11-22,668.10
P692,692,Life,2023-11-24,2024-11-23,885.42
P693,693,Home,2023-11-25,2024-11-24,722.79
P694,694,Auto,2023-11-26,2024-11-25,657.68
P695,695,Life,2023-11-27,2024-11-26,820.03
P696,696,Home,2023-11-28,2024-11-27,427.14
P697,697,Auto,2023-11-29,2024-11-28,775.58
P698,698,Life,2023-11-30,2024-11-29,896.49
P699,699,Home,2023-12-01,2024-11-30,455.69
P700,700,Auto,2023-12-02,2024-12-01,689.01
P701,701,Life,2023-12-03,2024-12-02,377.98
P702,702,Home,2023-12-04,2024-12-03,922.86
P703,703,Auto,2023-12-05,2024-12-04,380.37
P704,704,Life,2023-12-06,2024-12-05,933.28
P705,705,Home,2023-12-07,2024-12-06,425.29
P706,706,Auto,2023-12-08,2024-12-07,426.61
P707,707,Life,2023-12-09,2024-12-08,557.19
P708,708,Home,2023-12-10,2024-12-09,506.11
P709,709,Auto,2023-12-11,2024-12-10,559.00
P710,710,Life,2023-12-12,2024-12-11,976.64
P711,711,Home,2023-12-13,2024-12-12,806.23
P712,712,Auto,2023-12-14,2024-12-13,801.20
P713,713,Life,2023-12-15,2024-12-14,587.34
P714,714,Home,2023-12-16,2024-12-15,933.09
P715,715,Auto,2023-12-17,2024-12-16,503.42
P716,716,Life,2023-12-18,2024-12-17,817.85
P717,717,Home,2023-12-19,2024-12-18,878.96
P718,718,Auto,2023-12-20,2024-12-19,941.26
P719,719,Life,2023-12-21,2024-12-20,369.42
P720,720,Home,2023-12-22,2024-12-21,823.34
P721,721,Auto,2023-12-23,2024-12-22,608.44
P722,722,Life,2023-12-24,2024-12-23,972.18
P723,723,Home,2023-12-25,2024-12-24,635.55
P724,724,Auto,2023-12-26,2024-12-25,661.24
P725,725,Life,2023-12-27,2024-12-26,399.56
P726,726,Home,2023-12-28,2024-12-27,414.06
P727,727,Auto,2023-12-29,2024-12-28,571.62
P728,728,Life,2023-12-30,2024-12-29,615.90
P729,729,Home,2023-12-31,2024-12-30,364.67
P730,730,Auto,2024-01-01,2024-12-31,375.62
P731,731,Life,2024-01-02,2025-01-01,484.12
P732,732,Home,2024-01-03,2025-01-02,993.71
P733,733,Auto,2024-01-04,2025-01-03,416.19
P734,734,Life,2024-01-05,2025-01-04,899.84
P735,735,Home,2024-01-06,2025-01-05,850.64
P736,736,Auto,2024-01-07,2025-01-06,553.66
P737,737,Life,2024-01-08,2025-01-07,616.37
P738,738,Home,2024-01-09,2025-01-08,420.90
P739,739,Auto,2024-01-10,2025-01-09,655.38
P740,740,Life,2024-01-11,2025-01-10,314.19
P741,741,Home,2024-01-12,2025-01-11,704.80
P742,742,Auto,2024-01-13,2025-01-12,881.44
P743,743,Life,2024-01-14,2025-01-13,592.80
P744,744,Home,2024-01-15,2025-01-14,719.68
P745,745,Auto,2024-01-16,2025-01-15,820.02
P746,746,Life,2024-01-17,2025-01-16,941.05
P747,747,Home,2024-01-18,2025-01-17,545.17
P748,748,Auto,2024-01-19,2025-01-18,302.71
P749,749,Life,2024-01-20,2025-01-19,978.05
P750,750,Home,2024-01-21,2025-01-20,882.12
P751,751,Auto,2024-01-22,2025-01-21,476.47
P752,752,Life,2024-01-23,2025-01-22,835.96
P753,753,Home,2024-01-24,2025-01-23,350.41
P754,754,Auto,2024-01-25,2025-01-24,344.14
P755,755,Life,2024-01-26,2025-01-25,369.50
P756,756,Home,2024-01-27,2025-01-26,515.05
P757,757,Auto,2024-01-28,2025-01-27,466.78
P758,758,Life,2024-01-29,2025-01-28,488.75
P759,759,Home,2024-01-30,2025-01-29,743.40
P760,760,Auto,2024-01-31,2025-01-30,550.75
P761,761,Life,2024-02-01,2025-01-31,923.57
P762,762,Home,2024-02-02,2025-02-01,565.60
P763,763,Auto,2024-02-03,2025-02-02,457.27
P764,764,Life,2024-02-04,2025-02-03,989.57
P765,765,Home,2024-02-05,2025-02-04,476.03
P766,766,Auto,2024-02-06,2025-02-05,511.43
P767,767,Life,2024-02-07,2025-02-06,829.06
P768,768,Home,2024-02-08,2025-02-07,911.02
P769,769,Auto,2024-02-09,2025-02-08,367.92
P770,770,Life,2024-02-10,2025-02-09,906.53
P771,771,Home,2024-02-11,2025-02-10,328.91
P772,772,Auto,2024-02-12,2025-02-11,724.94
P773,773,Life,2024-02-13,2025-02-12,937.98
P774,774,Home,2024-02-14,2025-02-13,815.06
P775,775,Auto,2024-02-15,2025-02-14,961.38
P776,776,Life,2024-02-16,2025-02-15,661.69
P777,777,Home,2024-02-17,2025-02-16,824.35
P778,778,Auto,2024-02-18,2025-02-17,436.66
P779,779,Life,2024-02-19,2025-02-18,810.24
P780,780,Home,2024-02-20,2025-02-19,341.24
P781,781,Auto,2024-02-21,2025-02-20,375.46
P782,782,Life,2024-02-22,2025-02-21,553.60
P783,783,Home,2024-02-23,2025-02-22,641.60
P784,784,Auto,2024-02-24,2025-02-23,547.20
P785,785,Life,2024-02-25,2025-02-24,511.19
P786,786,Home,2024-02-26,2025-02-25,614.37
P787,787,Auto,2024-02-27,2025-02-26,538.30
P788,788,Life,2024-02-28,2025-02-27,548.35
P789,789,Home,2024-02-29,2025-02-28,826.87
P790,790,Auto,2024-03-01,2025-03-01,789.29
P791,791,Life,2024-03-02,2025-03-02,465.84
P792,792,Home,2024-03-03,2025-03-03,361.33
P793,793,Auto,2024-03-04,2025-03-04,809.14
P794,794,Life,2024-03-05,2025-03-05,561.71
P795,795,Home,2024-03-06,2025-03-06,781.14
P796,796,Auto,2024-03-07,2025-03-07,520.57
P797,797,Life,2024-03-08,2025-03-08,659.42
P798,798,Home,2024-03-09,2025-03-09,735.41
P799,799,Auto,2024-03-10,2025-03-10,698.78
P800,800,Life,2024-03-11,2025-03-11,987.68
P801,801,Home,2024-03-12,2025-03-12,442.04
P802,802,Auto,2024-03-13,2025-03-13,347.18
P803,803,Life,2024-03-14,2025-03-14,809.77
P804,804,Home,2024-03-15,2025-03-15,607.33
P805,805,Auto,2024-03-16,2025-03-16,307.31
P806,806,Life,2024-03-17,2025-03-17,814.56
P807,807,Home,2024-03-18,2025-03-18,750.86
P808,808,Auto,2024-03-19,2025-03-19,310.65
P809,809,Life,2024-03-20,2025-03-20,400.65
P810,810,Home,2024-03-21,2025-03-21,771.32
P811,811,Auto,2024-03-22,2025-03-22,954.64
P812,812,Life,2024-03-23,2025-03-23,759.22
P813,813,Home,2024-03-24,2025-03-24,632.20
P814,814,Auto,2024-03-25,2025-03-25,583.33
P815,815,Life,2024-03-26,2025-03-26,720.05
P816,816,Home,2024-03-27,2025-03-27,850.28
P817,817,Auto,2024-03-28,2025-03-28,391.25
P818,818,Life,2024-03-29,2025-03-29,505.40
P819,819,Home,2024-03-30,2025-03-30,353.26
P820,820,Auto,2024-03-31,2025-03-31,650.11
P821,821,Life,2024-04-01,2025-04-01,490.77
P822,822,Home,2024-04-02,2025-04-02,903.52
P823,823,Auto,2024-04-03,2025-04-03,645.29
P824,824,Life,2024-04-04,2025-04-04,915.90
P825,825,Home,2024-04-05,2025-04-05,943.62
P826,826,Auto,2024-04-06,2025-04-06,970.40
P827,827,Life,2024-04-07,2025-04-07,321.13
P828,828,Home,2024-04-08,2025-04-08,494.45
P829,829,Auto,2024-04-09,2025-04-09,508.85
P830,830,Life,2024-04-10,2025-04-10,760.91
P831,831,Home,2024-04-11,2025-04-11,577.98
P832,832,Auto,2024-04-12,2025-04-12,307.19
P833,833,Life,2024-04-13,2025-04-13,902.00
P834,834,Home,2024-04-14,2025-04-14,488.45
P835,835,Auto,2024-04-15,2025-04-15,836.26
P836,836,Life,2024-04-16,2025-04-16,315.92
P837,837,Home,2024-04-17,2025-04-17,870.85
P838,838,Auto,2024-04-18,2025-04-18,306.46
P839,839,Life,2024-04-19,2025-04-19,719.76
P840,840,Home,2024-04-20,2025-04-20,979.43
P841,841,Auto,2024-04-21,2025-04-21,337.86
P842,842,Life,2024-04-22,2025-04-22,551.03
P843,843,Home,2024-04-23,2025-04-23,741.55
P844,844,Auto,2024-04-24,2025-04-24,354.66
P845,845,Life,2024-04-25,2025-04-25,648.66
P846,846,Home,2024-04-26,2025-04-26,479.33
P847,847,Auto,2024-04-27,2025-04-27,850.68
P848,848,Life,2024-04-28,2025-04-28,415.38
P849,849,Home,2024-04-29,2025-04-29,624.89
P850,850,Auto,2024-04-30,2025-04-30,878.28
P851,851,Life,2024-05-01,2025-05-01,816.76
P852,852,Home,2024-05-02,2025-05-02,448.94
P853,853,Auto,2024-05-03,2025-05-03,894.44
P854,854,Life,2024-05-04,2025-05-04,725.36
P855,855,Home,2024-05-05,2025-05-05,643.47
P856,856,Auto,2024-05-06,2025-05-06,741.29
P857,857,Life,2024-05-07,2025-05-07,776.02
P858,858,Home,2024-05-08,2025-05-08,656.23
P859,859,Auto,2024-05-09,2025-05-09,653.10
P860,860,Life,2024-05-10,2025-05-10,996.82
P861,861,Home,2024-05-11,2025-05-11,624.79
P862,862,Auto,2024-05-12,2025-05-12,533.49
P863,863,Life,2024-05-13,2025-05-13,493.08
P864,864,Home,2024-05-14,2025-05-14,564.92
P865,865,Auto,2024-05-15,2025-05-15,345.37
P866,866,Life,2024-05-16,2025-05-16,432.10
P867,867,Home,2024-05-17,2025-05-17,824.37
P868,868,Auto,2024-05-18,2025-05-18,425.54
P869,869,Life,2024-05-19,2025-05-19,754.61
P870,870,Home,2024-05-20,2025-05-20,796.41
P871,871,Auto,2024-05-21,2025-05-21,718.22
P872,872,Life,2024-05-22,2025-05-22,901.86
P873,873,Home,2024-05-23,2025-05-23,654.67
P874,874,Auto,2024-05-24,2025-05-24,967.77
P875,875,Life,2024-05-25,2025-05-25,474.84
P876,876,Home,2024-05-26,2025-05-26,570.87
P877,877,Auto,2024-05-27,2025-05-27,429.85
P878,878,Life,2024-05-28,2025-05-28,836.63
P879,879,Home,2024-05-29,2025-05-29,493.60
P880,880,Auto,2024-05-30,2025-05-30,358.12
P881,881,Life,2024-05-31,2025-05-31,709.79
P882,882,Home,2024-06-01,2025-06-01,774.58
P883,883,Auto,2024-06-02,2025-06-02,743.56
P884,884,Life,2024-06-03,2025-06-03,394.04
P885,885,Home,2024-06-04,2025-06-04,839.54
P886,886,Auto,2024-06-05,2025-06-05,615.59
P887,887,Life,2024-06-06,2025-06-06,959.31
P888,888,Home,2024-06-07,2025-06-07,549.80
P889,889,Auto,2024-06-08,2025-06-08,971.05
P890,890,Life,2024-06-09,2025-06-09,805.85
P891,891,Home,2024-06-10,2025-06-10,816.10
P892,892,Auto,2024-06-11,2025-06-11,662.97
P893,893,Life,2024-06-12,2025-06-12,566.53
P894,894,Home,2024-06-13,2025-06-13,543.73
P895,895,Auto,2024-06-14,2025-06-14,719.09
P896,896,Life,2024-06-15,2025-06-15,964.24
P897,897,Home,2024-06-16,2025-06-16,963.92
P898,898,Auto,2024-06-17,2025-06-17,926.87
P899,899,Life,2024-06-18,2025-06-18,742.63
P900,900,Home,2024-06-19,2025-06-19,632.50
P901,901,Auto,2024-06-20,2025-06-20,634.64
P902,902,Life,2024-06-21,2025-06-21,975.68
P903,903,Home,2024-06-22,2025-06-22,574.47
P904,904,Auto,2024-06-23,2025-06-23,345.33
P905,905,Life,2024-06-24,2025-06-24,403.23
P906,906,Home,2024-06-25,2025-06-25,680.18
P907,907,Auto,2024-06-26,2025-06-26,491.18
P908,908,Life,2024-06-27,2025-06-27,815.37
P909,909,Home,2024-06-28,2025-06-28,903.32
P910,910,Auto,2024-06-29,2025-06-29,370.49
P911,911,Life,2024-06-30,2025-06-30,942.49
P912,912,Home,2024-07-01,2025-07-01,501.00
P913,913,Auto,2024-07-02,2025-07-02,777.50
P914,914,Life,2024-07-03,2025-07-03,684.49
P915,915,Home,2024-07-04,2025-07-04,789.98
P916,916,Auto,2024-07-05,2025-07-05,896.43
P917,917,Life,2024-07-06,2025-07-06,412.21
P918,918,Home,2024-07-07,2025-07-07,471.75
P919,919,Auto,2024-07-08,2025-07-08,822.13
P920,920,Life,2024-07-09,2025-07-09,995.39
P921,921,Home,2024-07-10,2025-07-10,810.56
P922,922,Auto,2024-07-11,2025-07-11,766.65
P923,923,Life,2024-07-12,2025-07-12,401.56
P924,924,Home,2024-07-13,2025-07-13,807.87
P925,925,Auto,2024-07-14,2025-07-14,434.63
P926,926,Life,2024-07-15,2025-07-15,849.57
P927,927,Home,2024-07-16,2025-07-16,543.97
P928,928,Auto,2024-07-17,2025-07-17,571.13
P929,929,Life,2024-07-18,2025-07-18,923.75
P930,930,Home,2024-07-19,2025-07-19,505.36
P931,931,Auto,2024-07-20,2025-07-20,855.56
P932,932,Life,2024-07-21,2025-07-21,361.71
P933,933,Home,2024-07-22,2025-07-22,341.86
P934,934,Auto,2024-07-23,2025-07-23,324.17
P935,935,Life,2024-07-24,2025-07-24,995.27
P936,936,Home,2024-07-25,2025-07-25,903.83
P937,937,Auto,2024-07-26,2025-07-26,533.35
P938,938,Life,2024-07-27,2025-07-27,355.28
P939,939,Home,2024-07-28,2025-07-28,576.33
P940,940,Auto,2024-07-29,2025-07-29,815.83
P941,941,Life,2024-07-30,2025-07-30,650.14
P942,942,Home,2024-07-31,2025-07-31,503.23
P943,943,Auto,2024-08-01,2025-08-01,965.71
P944,944,Life,2024-08-02,2025-08-02,918.85
P945,945,Home,2024-08-03,2025-08-03,697.12
P946,946,Auto,2024-08-04,2025-08-04,429.04
P947,947,Life,2024-08-05,2025-08-05,453.87
P948,948,Home,2024-08-06,2025-08-06,682.21
P949,949,Auto,2024-08-07,2025-08-07,349.44
P950,950,Life,2024-08-08,2025-08-08,800.59
P951,951,Home,2024-08-09,2025-08-09,554.60
P952,952,Auto,2024-08-10,2025-08-10,771.25
P953,953,Life,2024-08-11,2025-08-11,492.45
P954,954,Home,2024-08-12,2025-08-12,548.48
P955,955,Auto,2024-08-13,2025-08-13,965.05
P956,956,Life,2024-08-14,2025-08-14,779.83
P957,957,Home,2024-08-15,2025-08-15,704.00
P958,958,Auto,2024-08-16,2025-08-16,880.52
P959,959,Life,2024-08-17,2025-08-17,590.60
P960,960,Home,2024-08-18,2025-08-18,711.43
P961,961,Auto,2024-08-19,2025-08-19,785.36
P962,962,Life,2024-08-20,2025-08-20,792.52
P963,963,Home,2024-08-21,2025-08-21,606.52
P964,964,Auto,2024-08-22,2025-08-22,355.04
P965,965,Life,2024-08-23,2025-08-23,355.62
P966,966,Home,2024-08-24,2025-08-24,412.99
P967,967,Auto,2024-08-25,2025-08-25,698.09
P968,968,Life,2024-08-26,2025-08-26,551.49
P969,969,Home,2024-08-27,2025-08-27,363.19
P970,970,Auto,2024-08-28,2025-08-28,561.46
P971,971,Life,2024-08-29,2025-08-29,717.74
P972,972,Home,2024-08-30,2025-08-30,904.33
P973,973,Auto,2024-08-31,2025-08-31,668.43
P974,974,Life,2024-09-01,2025-09-01,329.17
P975,975,Home,2024-09-02,2025-09-02,740.55
P976,976,Auto,2024-09-03,2025-09-03,315.22
P977,977,Life,2024-09-04,2025-09-04,454.48
P978,978,Home,2024-09-05,2025-09-05,326.75
P979,979,Auto,2024-09-06,2025-09-06,670.29
P980,980,Life,2024-09-07,2025-09-07,671.20
P981,981,Home,2024-09-08,2025-09-08,345.14
P982,982,Auto,2024-09-09,2025-09-09,812.08
P983,983,Life,2024-09-10,2025-09-10,625.00
P984,984,Home,2024-09-11,2025-09-11,388.73
P985,985,Auto,2024-09-12,2025-09-12,468.68
P986,986,Life,2024-09-13,2025-09-13,877.22
P987,987,Home,2024-09-14,2025-09-14,580.05
P988,988,Auto,2024-09-15,2025-09-15,668.58
P989,989,Life,2024-09-16,2025-09-16,602.76
P990,990,Home,2024-09-17,2025-09-17,708.08
P991,991,Auto,2024-09-18,2025-09-18,732.09
P992,992,Life,2024-09-19,2025-09-19,536.21
P993,993,Home,2024-09-20,2025-09-20,884.79
P994,994,Auto,2024-09-21,2025-09-21,415.31
P995,995,Life,2024-09-22,2025-09-22,522.20
P996,996,Home,2024-09-23,2025-09-23,365.04
P997,997,Auto,2024-09-24,2025-09-24,658.63
P998,998,Life,2024-09-25,2025-09-25,498.03
P999,999,Home,2024-09-26,2025-09-26,914.24
